observation_time,actual_temp,actual_humidity,actual_precipitation,actual_pressure,actual_wind_speed,actual_wind_direction
2026-05-04 00:00:00,13.9,87,0.0,1009.4,5.7,226
2026-05-04 01:00:00,12.9,91,0.0,1009.9,3.7,325
2026-05-04 02:00:00,12.8,90,0.1,1010.0,7.7,239
2026-05-04 03:00:00,12.6,91,0.0,1009.9,4.3,270
2026-05-04 04:00:00,12.2,94,0.0,1009.9,4.4,251
2026-05-04 05:00:00,11.7,97,0.0,1010.2,4.3,318
2026-05-04 06:00:00,11.6,96,0.0,1010.5,6.4,16
2026-05-04 07:00:00,11.8,92,0.0,1011.1,8.0,31
2026-05-04 08:00:00,12.1,88,0.0,1011.7,7.5,33
2026-05-04 09:00:00,12.6,84,0.0,1012.3,7.7,37
2026-05-04 10:00:00,13.3,80,0.0,1012.6,7.1,43
2026-05-04 11:00:00,14.0,76,0.0,1012.5,6.6,49
2026-05-04 12:00:00,14.8,72,0.1,1012.6,5.8,56
2026-05-04 13:00:00,15.1,69,0.1,1012.7,6.0,46
2026-05-04 14:00:00,15.8,67,0.0,1012.4,6.4,54
2026-05-04 15:00:00,16.3,65,0.1,1012.3,6.9,47
2026-05-04 16:00:00,16.3,65,0.0,1012.1,6.9,30
2026-05-04 17:00:00,16.3,65,0.0,1011.9,10.1,31
2026-05-04 18:00:00,15.9,66,0.0,1011.7,10.4,34
2026-05-04 19:00:00,15.1,68,0.0,1012.0,9.3,41
2026-05-04 20:00:00,14.7,70,0.0,1012.3,7.9,43
2026-05-04 21:00:00,14.2,74,0.0,1012.7,7.0,35
2026-05-04 22:00:00,13.8,77,0.0,1012.9,6.5,30
2026-05-04 23:00:00,13.3,80,0.0,1012.9,7.0,40
2026-05-05 00:00:00,12.7,84,0.0,1012.8,6.7,46
2026-05-05 01:00:00,12.6,82,0.0,1012.7,7.1,36
2026-05-05 02:00:00,12.4,83,0.0,1012.3,6.2,36
2026-05-05 03:00:00,12.1,85,0.0,1011.9,6.0,49
2026-05-05 04:00:00,11.8,86,0.0,1011.6,5.0,52
2026-05-05 05:00:00,11.4,88,0.0,1011.4,5.1,36
2026-05-05 06:00:00,11.3,85,0.0,1011.6,5.5,19
2026-05-05 07:00:00,11.6,83,0.0,1011.6,6.9,7
2026-05-05 08:00:00,12.0,76,0.0,1011.4,9.2,11
2026-05-05 09:00:00,12.7,68,0.0,1011.2,10.0,20
2026-05-05 10:00:00,13.2,66,0.1,1011.1,10.8,32
2026-05-05 11:00:00,14.2,60,0.0,1010.8,9.7,45
2026-05-05 12:00:00,15.6,51,0.0,1010.4,9.5,58
2026-05-05 13:00:00,16.3,48,0.0,1010.1,10.0,54
2026-05-05 14:00:00,16.5,47,0.0,1010.1,9.6,49
2026-05-05 15:00:00,16.0,50,0.0,1010.0,10.2,48
2026-05-05 16:00:00,16.0,51,0.0,1009.8,10.2,44
2026-05-05 17:00:00,15.7,53,0.0,1009.7,10.8,47
2026-05-05 18:00:00,15.1,57,0.0,1009.5,11.0,50
2026-05-05 19:00:00,15.1,56,0.0,1009.6,9.3,44
2026-05-05 20:00:00,14.3,60,0.0,1009.7,12.1,33
2026-05-05 21:00:00,12.6,76,0.1,1010.3,11.1,23
2026-05-05 22:00:00,11.9,79,0.3,1010.8,13.2,43
2026-05-05 23:00:00,11.4,81,0.2,1010.8,12.7,43
2026-05-06 00:00:00,10.9,82,0.4,1011.1,12.5,39
2026-05-06 01:00:00,10.7,76,0.0,1011.2,12.1,30
2026-05-06 02:00:00,10.0,75,0.0,1011.0,12.7,29
2026-05-06 03:00:00,9.3,78,0.0,1010.8,11.9,27
2026-05-06 04:00:00,9.1,79,0.0,1010.7,9.6,14
2026-05-06 05:00:00,8.8,77,0.0,1010.6,9.7,12
2026-05-06 06:00:00,8.4,77,0.0,1010.6,10.1,12
2026-05-06 07:00:00,8.5,73,0.0,1010.8,10.4,359
2026-05-06 08:00:00,8.8,71,0.0,1011.0,11.0,359
2026-05-06 09:00:00,9.8,66,0.0,1011.2,12.8,358
2026-05-06 10:00:00,11.1,54,0.0,1011.3,14.1,4
2026-05-06 11:00:00,12.4,46,0.0,1011.1,14.5,7
2026-05-06 12:00:00,12.2,53,0.0,1011.2,14.8,21
2026-05-06 13:00:00,12.3,54,0.1,1011.3,13.6,15
2026-05-06 14:00:00,12.9,51,0.0,1011.3,11.3,13
2026-05-06 15:00:00,13.3,48,0.0,1011.1,10.8,15
2026-05-06 16:00:00,13.1,53,0.1,1011.2,10.8,15
2026-05-06 17:00:00,13.1,51,0.0,1011.1,9.4,11
2026-05-06 18:00:00,12.9,51,0.0,1011.2,10.5,12
2026-05-06 19:00:00,12.0,58,0.0,1011.5,10.4,20
2026-05-06 20:00:00,11.9,58,0.0,1011.9,10.1,11
2026-05-06 21:00:00,11.2,62,0.0,1012.5,9.4,17
2026-05-06 22:00:00,10.2,69,0.0,1013.0,8.8,19
2026-05-06 23:00:00,9.5,75,0.0,1013.2,8.3,18
2026-05-07 00:00:00,9.2,79,0.0,1013.4,5.9,12
2026-05-07 01:00:00,8.8,81,0.0,1013.4,5.4,360
2026-05-07 02:00:00,8.2,85,0.0,1013.4,5.6,360
2026-05-07 03:00:00,7.8,88,0.0,1013.5,4.2,10
2026-05-07 04:00:00,7.5,91,0.0,1013.5,5.0,38
2026-05-07 05:00:00,7.5,92,0.1,1013.7,4.8,53
2026-05-07 06:00:00,7.7,92,0.0,1014.0,4.4,78
2026-05-07 07:00:00,8.2,90,0.0,1014.3,3.8,95
2026-05-07 08:00:00,9.5,83,0.0,1014.5,3.7,101
2026-05-07 09:00:00,10.9,74,0.0,1014.6,4.4,125
2026-05-07 10:00:00,11.8,64,0.1,1014.7,3.4,133
2026-05-07 11:00:00,12.9,55,0.1,1014.8,4.9,163
2026-05-07 12:00:00,13.6,52,0.1,1014.5,5.1,162
2026-05-07 13:00:00,14.0,53,0.0,1014.4,6.2,142
2026-05-07 14:00:00,14.3,51,0.0,1014.2,5.4,140
2026-05-07 15:00:00,14.9,46,0.0,1014.0,4.4,159
2026-05-07 16:00:00,15.0,45,0.0,1013.6,4.4,150
2026-05-07 17:00:00,14.9,46,0.0,1013.6,5.0,131
2026-05-07 18:00:00,14.7,48,0.0,1013.4,6.8,115
2026-05-07 19:00:00,13.4,59,0.0,1013.6,10.8,114
2026-05-07 20:00:00,12.5,66,0.0,1014.1,12.3,117
2026-05-07 21:00:00,12.0,70,0.0,1014.5,9.6,133
2026-05-07 22:00:00,11.9,71,0.0,1014.9,7.0,125
2026-05-07 23:00:00,11.5,74,0.0,1015.0,4.7,90
2026-05-08 00:00:00,11.1,77,0.0,1014.9,5.7,77
2026-05-08 01:00:00,10.3,81,0.0,1014.6,6.4,74
2026-05-08 02:00:00,9.8,84,0.0,1014.5,5.3,80
2026-05-08 03:00:00,9.2,87,0.0,1014.4,5.7,72
2026-05-08 04:00:00,8.7,90,0.0,1014.4,5.3,62
2026-05-08 05:00:00,8.3,93,0.0,1014.3,7.1,66
2026-05-08 06:00:00,8.3,95,0.0,1014.6,7.1,75
2026-05-08 07:00:00,9.3,91,0.0,1014.8,6.8,78
2026-05-08 08:00:00,10.6,86,0.0,1015.0,5.7,77
2026-05-08 09:00:00,11.3,83,0.0,1015.2,6.0,80
2026-05-08 10:00:00,12.9,73,0.0,1015.3,6.7,95
2026-05-08 11:00:00,14.7,60,0.0,1015.4,8.0,108
2026-05-08 12:00:00,16.0,50,0.0,1015.2,8.5,111
2026-05-08 13:00:00,16.8,43,0.0,1015.1,6.5,122
2026-05-08 14:00:00,16.4,45,0.0,1015.1,6.9,127
2026-05-08 15:00:00,16.8,44,0.0,1014.9,6.2,111
2026-05-08 16:00:00,17.9,40,0.0,1014.5,7.6,104
2026-05-08 17:00:00,18.5,39,0.0,1014.3,7.2,102
2026-05-08 18:00:00,18.1,41,0.0,1014.4,8.3,90
2026-05-08 19:00:00,17.3,44,0.0,1014.8,10.4,89
2026-05-08 20:00:00,16.2,49,0.0,1015.3,10.8,95
2026-05-08 21:00:00,15.2,51,0.0,1016.0,9.6,84
2026-05-08 22:00:00,14.4,52,0.0,1016.4,9.1,83
2026-05-08 23:00:00,13.7,55,0.0,1016.6,8.3,85
2026-05-09 00:00:00,12.8,63,0.0,1017.0,8.8,78
2026-05-09 01:00:00,11.5,74,0.0,1016.7,8.4,75
2026-05-09 02:00:00,10.9,78,0.0,1016.6,8.6,70
2026-05-09 03:00:00,10.3,82,0.0,1016.5,8.5,66
2026-05-09 04:00:00,9.9,84,0.0,1016.4,8.5,55
2026-05-09 05:00:00,9.6,84,0.0,1016.3,8.4,53
2026-05-09 06:00:00,9.5,82,0.0,1016.3,8.5,52
2026-05-09 07:00:00,10.6,77,0.0,1016.5,7.5,48
2026-05-09 08:00:00,12.3,68,0.0,1016.6,6.7,56
2026-05-09 09:00:00,14.5,60,0.0,1016.7,7.1,66
2026-05-09 10:00:00,16.7,52,0.0,1016.5,8.3,63
2026-05-09 11:00:00,18.4,43,0.0,1016.3,10.0,72
2026-05-09 12:00:00,19.2,39,0.0,1016.0,10.9,77
2026-05-09 13:00:00,20.0,34,0.0,1015.3,10.7,78
2026-05-09 14:00:00,20.8,33,0.0,1014.8,12.0,71
2026-05-09 15:00:00,21.1,32,0.0,1014.4,12.8,79
2026-05-09 16:00:00,20.9,32,0.0,1014.4,12.8,86
2026-05-09 17:00:00,20.1,33,0.0,1014.5,13.0,91
2026-05-09 18:00:00,19.3,35,0.0,1014.1,14.8,72
2026-05-09 19:00:00,18.3,36,0.0,1014.5,14.7,67
2026-05-09 20:00:00,17.0,36,0.0,1015.1,13.4,83
2026-05-09 21:00:00,16.1,33,0.0,1015.4,12.9,74
2026-05-09 22:00:00,15.2,36,0.0,1015.8,12.9,67
2026-05-09 23:00:00,14.4,39,0.0,1016.1,12.4,59
2026-05-10 00:00:00,13.5,46,0.0,1016.4,12.9,44
2026-05-10 01:00:00,11.8,65,0.0,1016.3,13.8,39
2026-05-10 02:00:00,11.0,72,0.0,1016.1,13.8,33
2026-05-10 03:00:00,10.2,81,0.0,1016.1,14.3,28
2026-05-10 04:00:00,9.7,86,0.0,1016.1,14.2,27
2026-05-10 05:00:00,9.3,86,0.0,1015.9,14.6,29
2026-05-10 06:00:00,9.2,83,0.0,1015.7,12.8,29
2026-05-10 07:00:00,9.8,82,0.0,1015.7,15.5,35
2026-05-10 08:00:00,10.6,75,0.0,1016.0,18.9,38
2026-05-10 09:00:00,11.4,68,0.0,1015.9,19.1,41
2026-05-10 10:00:00,12.4,59,0.0,1015.8,19.9,44
2026-05-10 11:00:00,13.6,51,0.0,1015.4,19.7,45
2026-05-10 12:00:00,13.6,54,0.0,1015.2,19.9,40
2026-05-10 13:00:00,12.2,65,0.0,1015.1,17.1,40
2026-05-10 14:00:00,12.2,63,0.3,1014.8,16.8,44
2026-05-10 15:00:00,12.8,58,0.0,1014.3,16.7,44
2026-05-10 16:00:00,13.1,53,0.0,1013.8,16.3,47
2026-05-10 17:00:00,13.5,49,0.0,1013.1,16.6,50
2026-05-10 18:00:00,13.1,49,0.0,1012.4,16.7,45
2026-05-10 19:00:00,12.5,50,0.0,1012.2,15.7,37
2026-05-10 20:00:00,11.7,51,0.0,1012.0,16.2,36
2026-05-10 21:00:00,10.8,53,0.0,1012.0,16.0,34
2026-05-10 22:00:00,9.8,54,0.0,1012.2,15.7,32
2026-05-10 23:00:00,8.7,57,0.0,1012.0,13.4,33
2026-05-11 00:00:00,7.8,60,0.0,1011.7,11.1,27
2026-05-11 01:00:00,6.4,62,0.0,1011.2,6.6,37
2026-05-11 02:00:00,5.9,67,0.0,1010.6,6.1,348
2026-05-11 03:00:00,5.5,69,0.0,1009.9,5.2,326
2026-05-11 04:00:00,5.0,71,0.0,1009.6,6.4,302
2026-05-11 05:00:00,4.7,71,0.0,1009.1,7.3,280
2026-05-11 06:00:00,4.9,69,0.0,1008.8,8.6,272
2026-05-11 07:00:00,6.4,69,0.0,1008.6,10.3,303
2026-05-11 08:00:00,8.4,71,0.0,1008.6,9.4,312
2026-05-11 09:00:00,9.8,69,0.0,1008.6,14.9,335
2026-05-11 10:00:00,10.0,70,0.1,1008.7,14.1,345
2026-05-11 11:00:00,10.5,68,0.1,1008.9,11.0,345
2026-05-11 12:00:00,10.3,66,0.0,1009.3,10.7,5
2026-05-11 13:00:00,9.9,65,0.3,1009.8,12.3,11
2026-05-11 14:00:00,9.2,69,0.2,1010.3,11.1,14
2026-05-11 15:00:00,10.2,61,0.0,1010.3,10.7,6
2026-05-11 16:00:00,11.7,50,0.0,1010.4,12.0,353
2026-05-11 17:00:00,12.0,46,0.0,1010.7,13.0,354
2026-05-11 18:00:00,11.7,46,0.0,1011.2,11.7,3
2026-05-11 19:00:00,11.6,44,0.0,1011.7,9.8,8
2026-05-11 20:00:00,10.8,46,0.0,1012.2,9.4,18
2026-05-11 21:00:00,10.1,50,0.0,1012.7,7.5,27
2026-05-11 22:00:00,9.4,55,0.0,1013.3,6.1,28
2026-05-11 23:00:00,8.5,61,0.0,1013.8,6.2,44
2026-05-12 00:00:00,7.7,66,0.0,1014.2,5.5,63
2026-05-12 01:00:00,6.2,67,0.0,1014.3,3.5,156
2026-05-12 02:00:00,5.8,71,0.0,1014.3,3.1,177
2026-05-12 03:00:00,5.3,75,0.0,1014.4,2.9,210
2026-05-12 04:00:00,4.9,75,0.0,1014.6,4.1,232
2026-05-12 05:00:00,4.3,78,0.0,1014.6,5.9,239
2026-05-12 06:00:00,4.2,77,0.0,1014.6,6.6,237
2026-05-12 07:00:00,5.7,75,0.0,1014.4,6.3,252
2026-05-12 08:00:00,7.7,70,0.0,1014.3,5.8,254
2026-05-12 09:00:00,9.8,62,0.0,1014.0,8.7,256
2026-05-12 10:00:00,11.4,50,0.0,1013.8,11.0,264
2026-05-12 11:00:00,12.6,45,0.0,1013.3,10.8,267
2026-05-12 12:00:00,14.1,45,0.0,1012.7,12.0,261
2026-05-12 13:00:00,15.4,43,0.0,1011.7,15.1,269
2026-05-12 14:00:00,15.0,46,0.0,1011.4,16.1,275
2026-05-12 15:00:00,15.3,46,0.0,1010.8,16.0,269
2026-05-12 16:00:00,15.5,49,0.0,1010.1,16.0,273
2026-05-12 17:00:00,15.1,53,0.0,1009.9,16.8,274
2026-05-12 18:00:00,14.6,56,0.1,1009.6,16.7,287
2026-05-12 19:00:00,14.7,54,0.0,1009.3,15.1,297
2026-05-12 20:00:00,13.9,53,0.0,1009.2,12.4,303
2026-05-12 21:00:00,12.9,55,0.0,1009.2,10.3,292
2026-05-12 22:00:00,12.1,59,0.0,1009.0,9.8,263
2026-05-12 23:00:00,11.6,60,0.0,1008.9,11.5,273
2026-05-13 00:00:00,10.8,60,0.0,1008.3,11.0,271
2026-05-13 01:00:00,9.5,63,0.0,1007.7,9.4,257
2026-05-13 02:00:00,8.7,67,0.0,1006.7,10.9,248
2026-05-13 03:00:00,8.6,70,0.0,1005.6,11.1,241
2026-05-13 04:00:00,8.9,76,0.0,1004.6,12.4,236
2026-05-13 05:00:00,9.0,80,0.1,1003.7,14.4,247
2026-05-13 06:00:00,9.0,81,0.1,1003.4,13.7,257
2026-05-13 07:00:00,9.4,74,0.1,1002.9,11.6,258
2026-05-13 08:00:00,10.4,66,0.1,1002.1,15.5,261
2026-05-13 09:00:00,11.6,60,0.0,1001.6,16.9,269
2026-05-13 10:00:00,11.7,58,0.2,1001.0,16.8,261
2026-05-13 11:00:00,13.0,52,0.0,1000.4,18.2,273
2026-05-13 12:00:00,11.6,56,0.6,1000.3,18.4,286
2026-05-13 13:00:00,11.9,61,0.1,999.7,19.3,279
2026-05-13 14:00:00,11.1,57,0.9,999.6,20.1,292
2026-05-13 15:00:00,13.0,53,0.0,999.1,17.5,297
2026-05-13 16:00:00,10.7,60,1.3,999.4,24.5,295
2026-05-13 17:00:00,12.8,53,0.1,998.8,17.3,292
2026-05-13 18:00:00,9.6,74,2.0,999.5,11.5,268
2026-05-13 19:00:00,10.5,66,0.5,999.8,16.1,294
2026-05-13 20:00:00,10.1,70,0.0,999.8,12.8,292
2026-05-13 21:00:00,9.4,72,0.0,1000.1,12.3,297
2026-05-13 22:00:00,9.0,72,0.0,1000.1,12.5,290
2026-05-13 23:00:00,8.4,73,0.0,999.9,13.0,290
2026-05-14 00:00:00,8.0,74,0.0,999.9,11.8,294
2026-05-14 01:00:00,7.7,79,0.0,999.8,10.7,290
2026-05-14 02:00:00,7.3,80,0.1,999.6,10.9,297
2026-05-14 03:00:00,6.9,83,0.0,999.3,10.6,294
2026-05-14 04:00:00,6.4,86,0.1,999.3,9.5,302
2026-05-14 05:00:00,6.1,86,0.1,999.5,10.1,303
2026-05-14 06:00:00,6.1,86,0.2,999.5,9.7,297
2026-05-14 07:00:00,7.6,79,0.0,999.7,10.9,320
2026-05-14 08:00:00,8.3,75,0.0,999.7,14.1,328
2026-05-14 09:00:00,9.1,69,0.1,999.9,13.8,336
2026-05-14 10:00:00,9.8,63,0.1,999.9,14.5,352
2026-05-14 11:00:00,10.7,64,0.0,999.9,12.6,355
2026-05-14 12:00:00,11.8,58,0.1,999.7,11.3,359
2026-05-14 13:00:00,10.0,67,0.1,1000.0,10.3,36
2026-05-14 14:00:00,11.5,62,0.4,999.5,8.5,308
2026-05-14 15:00:00,10.2,62,1.2,999.9,10.7,30
2026-05-14 16:00:00,10.1,64,0.2,999.8,5.4,94
2026-05-14 17:00:00,11.1,63,0.1,999.9,6.7,357
2026-05-14 18:00:00,9.7,66,1.2,999.9,7.3,351
2026-05-14 19:00:00,10.2,61,0.0,1000.4,1.8,66
2026-05-14 20:00:00,10.0,65,0.0,1000.5,2.5,274
2026-05-14 21:00:00,8.8,74,0.0,1001.0,6.5,276
2026-05-14 22:00:00,8.1,81,0.0,1001.6,7.4,288
2026-05-14 23:00:00,7.6,84,0.0,1001.9,6.9,298
2026-05-15 00:00:00,7.2,84,0.0,1002.1,7.7,332
2026-05-15 01:00:00,6.6,86,0.0,1002.4,4.4,302
2026-05-15 02:00:00,6.4,85,0.0,1002.7,7.1,330
2026-05-15 03:00:00,6.2,87,0.0,1002.8,8.7,342
2026-05-15 04:00:00,6.1,87,0.0,1003.1,8.9,342
2026-05-15 05:00:00,5.9,89,0.0,1003.6,9.0,338
2026-05-15 06:00:00,6.1,88,0.0,1004.2,8.8,334
2026-05-15 07:00:00,7.0,84,0.0,1004.6,5.7,325
2026-05-15 08:00:00,8.4,76,0.0,1004.9,6.6,327
2026-05-15 09:00:00,9.7,66,0.0,1005.3,8.8,329
2026-05-15 10:00:00,10.7,60,0.0,1005.5,10.8,322
2026-05-15 11:00:00,11.2,59,0.2,1005.6,11.1,302
2026-05-15 12:00:00,12.1,56,0.1,1005.3,11.4,303
2026-05-15 13:00:00,12.3,50,0.3,1005.5,13.3,303
2026-05-15 14:00:00,13.3,44,0.1,1005.3,13.4,313
2026-05-15 15:00:00,13.8,39,0.1,1005.2,13.2,307
2026-05-15 16:00:00,14.3,37,0.0,1005.0,12.4,304
2026-05-15 17:00:00,14.5,35,0.0,1004.7,12.7,308
2026-05-15 18:00:00,13.9,36,0.0,1004.9,11.2,315
2026-05-15 19:00:00,13.4,36,0.0,1005.0,9.9,348
2026-05-15 20:00:00,12.7,42,0.0,1005.2,6.6,9
2026-05-15 21:00:00,11.5,52,0.0,1005.7,4.7,23
2026-05-15 22:00:00,11.0,56,0.0,1006.2,3.1,31
2026-05-15 23:00:00,10.7,60,0.0,1006.3,0.3,315
2026-05-16 00:00:00,9.4,62,0.0,1006.3,6.0,307
2026-05-16 01:00:00,8.9,62,0.0,1006.2,8.6,323
2026-05-16 02:00:00,8.3,60,0.0,1006.3,7.6,324
2026-05-16 03:00:00,7.5,64,0.0,1006.3,7.6,297
2026-05-16 04:00:00,6.9,66,0.0,1006.2,7.1,286
2026-05-16 05:00:00,6.2,68,0.0,1006.3,7.9,283
2026-05-16 06:00:00,6.0,70,0.0,1006.5,7.2,276
2026-05-16 07:00:00,7.3,70,0.0,1006.5,4.3,255
2026-05-16 08:00:00,8.8,66,0.0,1006.6,5.1,247
2026-05-16 09:00:00,10.6,60,0.0,1006.6,7.7,254
2026-05-16 10:00:00,11.6,55,0.2,1006.7,10.8,270
2026-05-16 11:00:00,12.4,53,0.0,1006.5,12.3,267
2026-05-16 12:00:00,12.8,55,0.1,1006.6,13.3,270
2026-05-16 13:00:00,14.7,45,0.0,1006.3,12.5,264
2026-05-16 14:00:00,14.7,45,0.1,1006.3,13.5,256
2026-05-16 15:00:00,14.8,47,0.0,1006.1,12.9,242
2026-05-16 16:00:00,15.0,47,0.0,1005.9,14.8,246
2026-05-16 17:00:00,14.0,56,0.0,1005.9,15.1,244
2026-05-16 18:00:00,13.3,63,0.0,1005.9,14.1,231
2026-05-16 19:00:00,12.5,71,0.3,1006.0,12.1,227
2026-05-16 20:00:00,11.9,78,0.6,1005.9,9.4,225
2026-05-16 21:00:00,11.6,84,0.2,1006.3,9.2,227
2026-05-16 22:00:00,11.4,85,0.0,1006.6,10.0,221
2026-05-16 23:00:00,11.3,87,0.0,1006.4,10.3,220
2026-05-17 00:00:00,11.1,88,0.0,1006.2,10.3,224
2026-05-17 01:00:00,10.4,93,0.1,1006.2,8.7,222
2026-05-17 02:00:00,10.2,94,0.6,1005.9,9.0,237
2026-05-17 03:00:00,10.2,94,0.2,1006.0,9.3,238
2026-05-17 04:00:00,9.6,96,0.0,1006.0,8.8,239
2026-05-17 05:00:00,9.1,96,0.0,1006.3,8.7,243
2026-05-17 06:00:00,8.9,96,0.0,1006.6,8.6,240
2026-05-17 07:00:00,9.7,94,0.0,1007.3,7.4,241
2026-05-17 08:00:00,10.8,86,0.0,1007.7,8.9,256
2026-05-17 09:00:00,12.1,77,0.0,1008.0,8.2,261
2026-05-17 10:00:00,13.4,63,0.0,1008.2,8.7,262
2026-05-17 11:00:00,14.3,54,0.0,1008.3,10.7,258
2026-05-17 12:00:00,15.0,49,0.0,1008.5,11.9,256
2026-05-17 13:00:00,16.0,42,0.0,1008.3,12.0,252
2026-05-17 14:00:00,16.1,40,0.0,1008.1,11.8,250
2026-05-17 15:00:00,16.2,39,0.0,1008.1,11.2,251
2026-05-17 16:00:00,16.5,38,0.0,1007.9,12.5,258
2026-05-17 17:00:00,15.5,42,0.0,1008.1,14.8,261
2026-05-17 18:00:00,13.2,56,0.0,1008.6,16.2,253
2026-05-17 19:00:00,13.4,54,0.7,1008.8,12.0,256
2026-05-17 20:00:00,12.4,60,0.0,1008.8,10.4,255
2026-05-17 21:00:00,11.6,68,0.0,1009.1,9.7,239
2026-05-17 22:00:00,10.8,75,0.0,1009.5,8.7,238
2026-05-17 23:00:00,10.1,78,0.0,1009.5,9.0,232
2026-05-18 00:00:00,9.4,79,0.0,1009.6,9.0,240
2026-05-18 01:00:00,8.8,85,0.0,1009.5,7.7,245
2026-05-18 02:00:00,8.1,89,0.0,1009.3,6.7,232
2026-05-18 03:00:00,7.7,91,0.0,1009.1,7.5,213
2026-05-18 04:00:00,7.8,91,0.0,1009.1,8.1,217
2026-05-18 05:00:00,7.7,91,0.1,1009.1,8.8,224
2026-05-18 06:00:00,8.0,90,0.1,1009.4,8.5,222
2026-05-18 07:00:00,9.1,84,0.1,1009.5,8.4,217
2026-05-18 08:00:00,10.4,76,0.1,1009.8,10.8,228
2026-05-18 09:00:00,11.8,64,0.0,1009.9,11.9,240
2026-05-18 10:00:00,12.7,58,0.1,1010.1,14.4,239
2026-05-18 11:00:00,13.2,59,0.1,1010.2,14.3,231
2026-05-18 12:00:00,14.2,56,0.0,1010.4,14.7,237
2026-05-18 13:00:00,14.2,51,1.3,1010.5,18.5,229
2026-05-18 14:00:00,15.0,49,0.1,1010.0,16.0,229
2026-05-18 15:00:00,13.2,65,0.6,1010.5,15.3,219
2026-05-18 16:00:00,13.6,63,0.0,1010.4,16.0,219
2026-05-18 17:00:00,13.3,63,0.4,1010.5,18.2,222
2026-05-18 18:00:00,12.9,66,0.0,1010.8,17.6,220
2026-05-18 19:00:00,12.9,66,0.0,1010.8,14.8,209
2026-05-18 20:00:00,12.3,66,0.0,1010.8,12.3,205
2026-05-18 21:00:00,12.2,65,0.0,1010.9,11.0,201
2026-05-18 22:00:00,11.8,66,0.0,1010.8,11.5,197
2026-05-18 23:00:00,11.2,73,0.0,1010.8,11.0,177
2026-05-19 00:00:00,11.2,78,0.0,1010.4,11.1,173
2026-05-19 01:00:00,11.3,82,0.1,1009.9,11.6,168
2026-05-19 02:00:00,11.4,85,0.1,1009.2,12.7,169
2026-05-19 03:00:00,11.4,87,0.3,1008.4,13.6,169
2026-05-19 04:00:00,11.5,89,0.5,1007.8,14.8,174
2026-05-19 05:00:00,11.4,91,1.0,1007.3,17.0,176
2026-05-19 06:00:00,11.4,92,0.6,1007.1,17.6,172
2026-05-19 07:00:00,12.2,88,0.2,1006.4,17.4,173
2026-05-19 08:00:00,12.7,89,0.1,1006.1,14.4,171
2026-05-19 09:00:00,13.7,83,0.1,1005.8,24.4,184
2026-05-19 10:00:00,14.0,83,0.0,1005.9,21.2,187
2026-05-19 11:00:00,15.4,76,0.1,1005.7,21.1,197
2026-05-19 12:00:00,17.2,65,0.0,1005.6,20.8,208
2026-05-19 13:00:00,17.8,62,0.1,1005.6,20.7,218
2026-05-19 14:00:00,17.5,65,0.1,1005.8,20.2,217
2026-05-19 15:00:00,17.0,66,0.4,1006.1,21.5,213
2026-05-19 16:00:00,16.5,73,0.0,1006.1,21.9,206
2026-05-19 17:00:00,16.0,75,0.0,1006.2,22.5,208
2026-05-19 18:00:00,15.8,71,0.2,1006.5,19.8,218
2026-05-19 19:00:00,15.6,70,0.1,1006.8,20.2,216
2026-05-19 20:00:00,14.7,75,0.1,1007.1,19.0,215
2026-05-19 21:00:00,13.8,80,0.0,1007.7,18.4,214
2026-05-19 22:00:00,13.3,81,0.0,1008.3,18.2,215
2026-05-19 23:00:00,12.9,82,0.0,1008.6,18.0,221
2026-05-20 00:00:00,12.7,83,0.0,1009.0,18.0,221
2026-05-20 01:00:00,12.9,82,0.0,1009.0,17.9,225
2026-05-20 02:00:00,12.3,86,0.4,1009.4,17.1,228
2026-05-20 03:00:00,12.3,87,0.1,1009.8,16.7,225
2026-05-20 04:00:00,12.0,88,0.2,1010.3,16.0,232
2026-05-20 05:00:00,11.9,87,0.2,1011.0,14.6,232
2026-05-20 06:00:00,11.8,86,0.0,1011.9,15.3,236
2026-05-20 07:00:00,12.7,81,0.0,1012.8,14.7,235
2026-05-20 08:00:00,13.7,75,0.0,1013.8,19.7,243
2026-05-20 09:00:00,14.6,69,0.0,1014.5,18.7,248
2026-05-20 10:00:00,15.8,61,0.0,1015.2,19.6,251
2026-05-20 11:00:00,16.0,62,0.0,1015.8,16.3,248
2026-05-20 12:00:00,17.1,57,0.0,1016.0,19.6,244
2026-05-20 13:00:00,18.4,51,0.0,1016.5,21.6,250
2026-05-20 14:00:00,18.8,53,0.0,1016.9,21.0,249
2026-05-20 15:00:00,19.2,51,0.0,1017.3,22.1,254
2026-05-20 16:00:00,18.9,58,0.0,1018.2,20.6,246
2026-05-20 17:00:00,18.3,62,0.1,1018.6,17.4,244
2026-05-20 18:00:00,18.5,63,0.0,1018.8,18.7,251
2026-05-20 19:00:00,18.0,63,0.0,1019.9,15.7,261
2026-05-20 20:00:00,16.9,70,0.0,1020.6,11.5,256
2026-05-20 21:00:00,15.9,77,0.0,1021.4,10.9,239
2026-05-20 22:00:00,15.1,83,0.0,1022.4,10.9,237
2026-05-20 23:00:00,14.3,86,0.0,1022.8,10.6,231
2026-05-21 00:00:00,13.4,88,0.0,1023.1,9.9,232
2026-05-21 01:00:00,12.6,89,0.0,1023.2,8.0,220
2026-05-21 02:00:00,12.0,90,0.0,1023.5,8.6,219
2026-05-21 03:00:00,11.5,91,0.0,1023.7,9.2,219
2026-05-21 04:00:00,11.1,91,0.0,1023.8,9.4,212
2026-05-21 05:00:00,11.0,91,0.0,1024.0,10.2,214
2026-05-21 06:00:00,11.5,91,0.0,1024.1,10.7,217
2026-05-21 07:00:00,13.6,85,0.0,1024.2,11.3,226
2026-05-21 08:00:00,14.9,80,0.0,1024.8,13.1,217
2026-05-21 09:00:00,16.0,73,0.0,1025.2,15.3,217
2026-05-21 10:00:00,16.4,72,0.0,1025.0,12.6,206
2026-05-21 11:00:00,17.1,69,0.0,1025.0,12.4,208
2026-05-21 12:00:00,19.8,59,0.0,1024.6,12.7,215
2026-05-21 13:00:00,21.7,54,0.0,1024.2,10.7,217
2026-05-21 14:00:00,22.4,52,0.0,1023.7,9.8,218
2026-05-21 15:00:00,23.0,49,0.0,1023.5,9.1,219
2026-05-21 16:00:00,23.2,49,0.0,1023.5,9.5,213
2026-05-21 17:00:00,22.5,54,0.0,1023.5,12.0,199
2026-05-21 18:00:00,21.2,59,0.0,1023.7,11.1,196
2026-05-21 19:00:00,21.4,55,0.0,1023.5,9.3,188
2026-05-21 20:00:00,20.4,57,0.0,1023.6,10.3,184
2026-05-21 21:00:00,18.8,63,0.0,1023.6,7.6,176
2026-05-21 22:00:00,18.0,64,0.0,1023.8,7.8,167
2026-05-21 23:00:00,17.5,58,0.0,1023.7,8.3,162
2026-05-22 00:00:00,16.8,60,0.0,1023.8,8.1,156
2026-05-22 01:00:00,16.3,66,0.0,1023.7,7.8,140
2026-05-22 02:00:00,16.0,68,0.0,1023.5,9.6,140
2026-05-22 03:00:00,15.6,71,0.0,1023.2,9.8,140
2026-05-22 04:00:00,15.3,74,0.0,1023.1,9.6,143
2026-05-22 05:00:00,15.0,76,0.0,1023.0,9.7,149
2026-05-22 06:00:00,15.4,75,0.0,1023.3,9.0,160
2026-05-22 07:00:00,17.4,69,0.0,1023.5,6.0,147
2026-05-22 08:00:00,19.3,63,0.0,1023.7,7.0,151
2026-05-22 09:00:00,21.3,58,0.0,1023.6,8.5,153
2026-05-22 10:00:00,23.3,53,0.0,1023.4,10.6,161
2026-05-22 11:00:00,24.7,47,0.0,1023.2,13.4,169
2026-05-22 12:00:00,25.7,43,0.0,1023.1,13.9,174
2026-05-22 13:00:00,27.0,39,0.0,1022.5,13.9,178
2026-05-22 14:00:00,27.4,37,0.0,1022.2,13.9,184
2026-05-22 15:00:00,27.7,36,0.0,1022.1,14.2,187
2026-05-22 16:00:00,27.6,36,0.0,1022.0,14.4,190
2026-05-22 17:00:00,27.3,36,0.0,1021.9,14.3,192
2026-05-22 18:00:00,26.7,37,0.0,1021.8,13.5,192
2026-05-22 19:00:00,26.4,37,0.0,1021.8,12.5,195
2026-05-22 20:00:00,25.2,40,0.0,1022.0,10.3,196
2026-05-22 21:00:00,24.0,45,0.0,1022.3,7.5,190
2026-05-22 22:00:00,23.0,51,0.0,1022.6,7.2,186
2026-05-22 23:00:00,22.2,55,0.0,1022.5,7.6,180
2026-05-23 00:00:00,21.6,57,0.0,1022.3,8.3,180
2026-05-23 01:00:00,21.3,60,0.0,1021.9,8.6,170
2026-05-23 02:00:00,21.0,63,0.0,1021.3,10.4,169
2026-05-23 03:00:00,20.7,66,0.0,1021.3,9.9,184
2026-05-23 04:00:00,20.0,71,0.0,1022.1,9.2,220
2026-05-23 05:00:00,19.1,75,0.0,1022.9,8.7,257
2026-05-23 06:00:00,18.9,76,0.0,1022.6,4.6,198
2026-05-23 07:00:00,20.2,69,0.0,1023.2,3.5,291
2026-05-23 08:00:00,21.7,60,0.0,1023.5,3.0,346
2026-05-23 09:00:00,23.3,53,0.0,1023.9,3.1,301
2026-05-23 10:00:00,24.8,48,0.0,1024.1,3.6,290
2026-05-23 11:00:00,26.3,44,0.0,1024.3,4.1,285
2026-05-23 12:00:00,27.7,39,0.0,1024.5,4.9,272
2026-05-23 13:00:00,29.0,32,0.0,1024.7,6.7,270
2026-05-23 14:00:00,29.5,29,0.0,1024.6,8.0,254
2026-05-23 15:00:00,30.0,26,0.0,1024.7,10.2,256
2026-05-23 16:00:00,30.1,26,0.0,1024.6,10.5,264
2026-05-23 17:00:00,29.7,28,0.0,1024.6,10.5,274
2026-05-23 18:00:00,29.0,31,0.0,1024.6,10.6,281
2026-05-23 19:00:00,28.7,29,0.0,1024.9,7.2,276
2026-05-23 20:00:00,27.5,33,0.0,1025.1,8.1,288
2026-05-23 21:00:00,26.3,38,0.0,1025.7,8.8,313
2026-05-23 22:00:00,25.3,43,0.0,1026.4,7.1,354
2026-05-23 23:00:00,24.2,47,0.0,1026.8,6.7,34
2026-05-24 00:00:00,22.5,55,0.0,1026.9,6.8,68
2026-05-24 01:00:00,19.9,65,0.0,1027.2,6.9,73
2026-05-24 02:00:00,18.4,72,0.0,1027.4,7.3,83
2026-05-24 03:00:00,17.4,76,0.0,1027.6,6.0,81
2026-05-24 04:00:00,16.8,78,0.0,1027.8,5.1,72
2026-05-24 05:00:00,16.3,79,0.0,1027.9,5.8,64
2026-05-24 06:00:00,16.4,78,0.0,1028.2,4.3,66
2026-05-24 07:00:00,17.3,74,0.0,1028.5,3.7,61
2026-05-24 08:00:00,19.2,67,0.0,1028.8,2.7,53
2026-05-24 09:00:00,21.6,58,0.0,1029.0,1.9,49
2026-05-24 10:00:00,24.2,50,0.0,1029.0,1.1,72
2026-05-24 11:00:00,26.5,42,0.0,1028.8,0.6,162
2026-05-24 12:00:00,28.3,34,0.0,1028.8,1.5,240
2026-05-24 13:00:00,29.5,29,0.0,1028.3,1.6,270
2026-05-24 14:00:00,31.0,25,0.0,1028.0,2.2,265
2026-05-24 15:00:00,31.8,23,0.0,1027.6,3.2,270
2026-05-24 16:00:00,32.3,22,0.0,1027.3,5.1,278
2026-05-24 17:00:00,32.5,21,0.0,1027.1,6.4,288
2026-05-24 18:00:00,32.4,21,0.0,1027.0,4.8,304
2026-05-24 19:00:00,31.4,22,0.0,1027.0,4.2,43
2026-05-24 20:00:00,28.5,38,0.0,1027.1,11.6,75
2026-05-24 21:00:00,26.2,48,0.0,1027.7,9.9,91
2026-05-24 22:00:00,25.4,48,0.0,1028.4,6.4,106
2026-05-24 23:00:00,24.8,48,0.0,1028.7,5.2,104
2026-05-25 00:00:00,24.0,51,0.0,1028.8,5.9,108
2026-05-25 01:00:00,22.2,60,0.0,1028.8,5.4,94
2026-05-25 02:00:00,21.3,64,0.0,1028.7,4.8,79
2026-05-25 03:00:00,20.6,67,0.0,1028.7,5.0,69
2026-05-25 04:00:00,19.9,69,0.0,1028.6,5.2,74
2026-05-25 05:00:00,19.1,72,0.0,1028.6,4.9,73
2026-05-25 06:00:00,19.1,72,0.0,1028.9,4.4,60
2026-05-25 07:00:00,20.5,67,0.0,1029.2,3.6,53
2026-05-25 08:00:00,22.9,58,0.0,1029.4,3.4,58
2026-05-25 09:00:00,25.8,49,0.0,1029.5,3.6,72
2026-05-25 10:00:00,28.5,40,0.0,1029.4,4.4,97
2026-05-25 11:00:00,30.4,32,0.0,1029.1,6.1,114
2026-05-25 12:00:00,31.7,28,0.0,1029.1,7.6,128
2026-05-25 13:00:00,33.0,28,0.0,1028.5,8.3,132
2026-05-25 14:00:00,33.5,26,0.0,1028.0,9.1,139
2026-05-25 15:00:00,33.8,25,0.0,1027.7,9.6,143
2026-05-25 16:00:00,33.6,25,0.0,1027.6,10.8,143
2026-05-25 17:00:00,33.1,27,0.0,1027.4,11.1,146
2026-05-25 18:00:00,32.5,28,0.0,1027.2,10.8,148
2026-05-25 19:00:00,32.0,28,0.0,1026.9,10.9,142
2026-05-25 20:00:00,30.7,30,0.0,1026.9,11.1,141
2026-05-25 21:00:00,29.2,35,0.0,1027.1,10.1,133
2026-05-25 22:00:00,27.8,42,0.0,1027.5,8.7,122
2026-05-25 23:00:00,26.4,47,0.0,1027.6,7.9,111
2026-05-26 00:00:00,25.2,50,0.0,1027.5,7.4,116
2026-05-26 01:00:00,24.1,52,0.0,1027.3,5.8,112
2026-05-26 02:00:00,23.1,51,0.0,1026.9,6.1,113
2026-05-26 03:00:00,22.4,51,0.0,1026.7,5.3,114
2026-05-26 04:00:00,21.8,53,0.0,1026.4,5.1,107
2026-05-26 05:00:00,21.2,56,0.0,1026.2,5.0,103
2026-05-26 06:00:00,21.6,54,0.0,1026.4,4.5,106
2026-05-26 07:00:00,23.4,48,0.0,1026.3,3.3,81
2026-05-26 08:00:00,25.3,42,0.0,1026.1,3.4,133
2026-05-26 09:00:00,27.7,35,0.0,1025.8,4.0,153
2026-05-26 10:00:00,29.8,30,0.0,1025.6,5.1,170
2026-05-26 11:00:00,31.4,28,0.0,1025.2,5.6,180
2026-05-26 12:00:00,32.6,25,0.0,1024.9,6.1,183
2026-05-26 13:00:00,33.9,20,0.0,1024.2,7.6,187
2026-05-26 14:00:00,34.3,19,0.0,1023.5,8.8,197
2026-05-26 15:00:00,34.5,18,0.0,1023.1,9.4,209
2026-05-26 16:00:00,34.4,18,0.0,1022.7,9.7,214
2026-05-26 17:00:00,33.9,19,0.0,1022.3,10.0,214
2026-05-26 18:00:00,33.2,21,0.0,1022.0,10.9,214
2026-05-26 19:00:00,32.0,22,0.0,1021.8,12.6,206
2026-05-26 20:00:00,30.1,25,0.0,1021.8,12.6,205
2026-05-26 21:00:00,28.5,27,0.0,1022.3,8.9,207
2026-05-26 22:00:00,27.5,28,0.0,1022.9,6.8,248
2026-05-26 23:00:00,26.7,31,0.0,1022.7,8.7,227
2026-05-27 00:00:00,25.9,35,0.0,1022.7,3.3,261
2026-05-27 01:00:00,25.0,37,0.0,1022.6,1.5,263
2026-05-27 02:00:00,24.1,42,0.0,1022.6,3.7,14
2026-05-27 03:00:00,22.7,59,0.0,1022.5,6.8,17
2026-05-27 04:00:00,21.1,70,0.0,1022.6,7.7,24
2026-05-27 05:00:00,20.0,66,0.0,1022.7,9.2,48
2026-05-27 06:00:00,19.1,65,0.0,1023.0,11.3,65
2026-05-27 07:00:00,18.8,68,0.0,1023.6,11.0,67
2026-05-27 08:00:00,19.9,66,0.0,1023.7,10.6,69
2026-05-27 09:00:00,21.6,59,0.0,1024.0,10.7,77
2026-05-27 10:00:00,23.4,52,0.0,1024.2,11.4,72
2026-05-27 11:00:00,24.9,46,0.0,1023.8,12.4,82
2026-05-27 12:00:00,25.9,43,0.0,1023.9,12.8,75
2026-05-27 13:00:00,27.0,40,0.0,1023.7,13.5,74
2026-05-27 14:00:00,27.2,39,0.0,1023.0,14.0,90
2026-05-27 15:00:00,27.1,39,0.0,1022.9,13.7,89
2026-05-27 16:00:00,26.3,40,0.0,1022.6,14.4,87
2026-05-27 17:00:00,25.0,44,0.0,1022.2,15.3,87
2026-05-27 18:00:00,23.6,47,0.0,1022.2,15.7,85
2026-05-27 19:00:00,22.5,49,0.0,1022.1,15.3,82
2026-05-27 20:00:00,20.7,53,0.0,1021.9,14.9,83
2026-05-27 21:00:00,19.0,58,0.0,1021.9,14.2,78
2026-05-27 22:00:00,17.8,62,0.0,1022.1,13.1,75
2026-05-27 23:00:00,17.2,66,0.0,1022.0,12.3,72
2026-05-28 00:00:00,16.8,69,0.0,1022.0,10.9,68
2026-05-28 01:00:00,15.7,77,0.0,1021.3,10.5,66
2026-05-28 02:00:00,15.7,79,0.0,1021.0,8.8,62
2026-05-28 03:00:00,16.0,80,0.0,1020.4,9.3,56
2026-05-28 04:00:00,16.3,81,0.0,1020.5,11.6,75
2026-05-28 05:00:00,16.4,81,0.0,1020.3,11.2,69
2026-05-28 06:00:00,16.6,81,0.1,1020.6,9.3,56
2026-05-28 07:00:00,17.7,73,0.0,1020.5,11.8,65
2026-05-28 08:00:00,19.8,64,0.0,1020.6,11.0,71
2026-05-28 09:00:00,22.4,55,0.0,1020.0,10.3,91
2026-05-28 10:00:00,24.7,46,0.0,1019.7,13.0,116
2026-05-28 11:00:00,27.1,43,0.0,1019.1,12.7,140
2026-05-28 12:00:00,29.1,41,0.0,1019.2,11.8,167
2026-05-28 13:00:00,29.4,41,0.0,1019.0,11.1,166
2026-05-28 14:00:00,30.1,38,0.0,1018.4,11.0,165
2026-05-28 15:00:00,31.2,35,0.0,1018.4,11.1,207
2026-05-28 16:00:00,29.7,39,0.1,1018.6,12.5,217
2026-05-28 17:00:00,29.7,40,0.3,1018.4,11.1,224
2026-05-28 18:00:00,29.9,36,0.0,1018.3,12.2,237
2026-05-28 19:00:00,29.8,38,0.0,1017.3,9.9,212
2026-05-28 20:00:00,27.8,42,0.0,1017.8,11.5,214
2026-05-28 21:00:00,26.2,45,0.0,1017.7,11.1,205
2026-05-28 22:00:00,25.1,47,0.0,1018.0,9.4,212
2026-05-28 23:00:00,24.2,49,0.0,1018.0,9.1,219
2026-05-29 00:00:00,23.4,50,0.0,1018.4,10.4,240
2026-05-29 01:00:00,22.4,55,0.0,1018.0,8.3,256
2026-05-29 02:00:00,21.8,56,0.0,1017.6,7.4,264
2026-05-29 03:00:00,20.9,58,0.0,1018.1,9.0,269
2026-05-29 04:00:00,19.8,63,0.0,1018.2,6.1,267
2026-05-29 05:00:00,19.1,67,0.0,1018.4,8.2,278
2026-05-29 06:00:00,18.6,69,0.0,1019.1,7.3,277
2026-05-29 07:00:00,18.3,71,0.0,1019.1,4.3,327
2026-05-29 08:00:00,19.5,64,0.0,1019.7,7.0,312
2026-05-29 09:00:00,20.0,58,0.0,1020.0,6.4,322
2026-05-29 10:00:00,21.8,49,0.0,1020.3,5.0,308
2026-05-29 11:00:00,23.4,42,0.0,1020.3,3.7,305
2026-05-29 12:00:00,24.9,37,0.0,1020.7,8.1,276
2026-05-29 13:00:00,25.2,35,0.0,1020.9,7.8,265
2026-05-29 14:00:00,26.0,29,0.0,1020.3,8.3,268
2026-05-29 15:00:00,26.7,24,0.0,1020.4,8.3,259
2026-05-29 16:00:00,25.8,26,0.0,1020.2,10.7,282
2026-05-29 17:00:00,24.7,30,0.0,1020.1,11.9,284
2026-05-29 18:00:00,25.1,29,0.0,1020.4,11.3,271
2026-05-29 19:00:00,24.7,25,0.0,1020.4,9.6,265
2026-05-29 20:00:00,23.8,29,0.0,1020.1,8.2,289
2026-05-29 21:00:00,22.7,34,0.0,1020.0,5.8,309
2026-05-29 22:00:00,22.3,37,0.0,1020.5,6.3,285
2026-05-29 23:00:00,21.5,41,0.0,1020.5,5.1,274
2026-05-30 00:00:00,20.9,44,0.0,1020.4,4.8,297
2026-05-30 01:00:00,19.0,51,0.0,1019.9,7.3,324
2026-05-30 02:00:00,18.2,58,0.0,1020.2,1.8,53
2026-05-30 03:00:00,17.7,59,0.0,1019.9,5.1,354
2026-05-30 04:00:00,17.1,63,0.0,1019.9,5.1,6
2026-05-30 05:00:00,16.6,65,0.0,1019.6,5.5,11
2026-05-30 06:00:00,16.8,65,0.0,1019.6,5.4,20
2026-05-30 07:00:00,18.1,60,0.0,1019.3,4.9,28
2026-05-30 08:00:00,20.0,54,0.0,1018.9,4.4,55
2026-05-30 09:00:00,21.8,51,0.0,1018.7,2.9,86
2026-05-30 10:00:00,23.8,46,0.0,1018.3,3.1,126
2026-05-30 11:00:00,25.5,42,0.0,1017.6,4.1,151
2026-05-30 12:00:00,26.7,40,0.0,1017.2,3.6,177
2026-05-30 13:00:00,28.0,29,0.0,1016.6,2.7,176
2026-05-30 14:00:00,29.0,29,0.0,1015.7,3.4,183
2026-05-30 15:00:00,29.5,29,0.0,1014.9,5.9,225
2026-05-30 16:00:00,30.0,28,0.0,1014.7,7.2,231
2026-05-30 17:00:00,29.8,28,0.0,1014.5,4.0,210
2026-05-30 18:00:00,28.7,29,0.0,1013.8,0.9,101
2026-05-30 19:00:00,28.1,29,0.0,1013.3,6.7,304
2026-05-30 20:00:00,26.6,31,0.0,1013.4,11.8,306
2026-05-30 21:00:00,25.2,31,0.0,1013.7,10.7,314
2026-05-30 22:00:00,24.1,33,0.0,1013.9,7.5,320
2026-05-30 23:00:00,23.0,37,0.0,1014.0,7.9,313
2026-05-31 00:00:00,21.9,41,0.0,1014.0,11.5,284
2026-05-31 01:00:00,19.4,46,0.0,1014.0,9.9,272
2026-05-31 02:00:00,18.3,49,0.0,1013.6,9.9,268
2026-05-31 03:00:00,17.2,56,0.0,1013.5,10.7,265
2026-05-31 04:00:00,16.5,62,0.0,1013.6,10.1,269
2026-05-31 05:00:00,16.0,66,0.0,1013.7,9.4,268
2026-05-31 06:00:00,15.8,64,0.0,1014.0,10.1,267
2026-05-31 07:00:00,16.4,59,0.0,1014.1,10.1,265
2026-05-31 08:00:00,17.2,64,0.0,1014.1,10.5,262
2026-05-31 09:00:00,18.4,64,0.0,1014.1,15.3,267
2026-05-31 10:00:00,19.6,55,0.0,1014.0,13.8,256
2026-05-31 11:00:00,20.9,47,0.0,1013.9,15.8,256
2026-05-31 12:00:00,21.6,42,0.0,1014.1,15.7,261
2026-05-31 13:00:00,22.2,40,0.0,1014.1,15.1,272
2026-05-31 14:00:00,22.5,39,0.0,1013.8,15.1,270
2026-05-31 15:00:00,23.0,36,0.0,1013.8,14.4,268
2026-05-31 16:00:00,22.9,36,0.0,1014.0,15.7,281
2026-05-31 17:00:00,22.8,36,0.0,1014.1,14.8,271
2026-05-31 18:00:00,22.4,36,0.0,1013.9,15.2,274
2026-05-31 19:00:00,21.7,40,0.0,1014.5,14.7,277
2026-05-31 20:00:00,20.7,44,0.0,1014.6,13.2,275
2026-05-31 21:00:00,20.1,48,0.0,1015.1,14.3,285
2026-05-31 22:00:00,19.2,53,0.0,1015.6,12.5,277
2026-05-31 23:00:00,18.4,56,0.0,1015.8,10.3,264
2026-06-01 00:00:00,17.5,60,0.0,1015.7,11.0,265
2026-06-01 01:00:00,15.8,69,0.0,1015.5,8.3,266
2026-06-01 02:00:00,15.1,74,0.0,1015.5,7.9,257
2026-06-01 03:00:00,14.5,78,0.0,1015.7,7.9,254
2026-06-01 04:00:00,14.1,80,0.0,1015.5,6.3,243
2026-06-01 05:00:00,13.7,82,0.0,1015.2,6.7,243
2026-06-01 06:00:00,14.0,80,0.0,1015.0,5.7,226
2026-06-01 07:00:00,14.8,77,0.0,1014.8,6.0,217
2026-06-01 08:00:00,16.3,71,0.0,1014.7,8.3,219
2026-06-01 09:00:00,17.9,63,0.0,1014.2,14.5,223
2026-06-01 10:00:00,18.9,57,0.0,1013.7,14.4,218
2026-06-01 11:00:00,20.0,51,0.0,1013.3,14.6,224
2026-06-01 12:00:00,20.8,48,0.0,1013.0,13.0,218
2026-06-01 13:00:00,22.9,42,0.0,1012.2,13.9,218
2026-06-01 14:00:00,24.4,39,0.0,1011.1,15.0,222
2026-06-01 15:00:00,23.1,45,0.0,1011.1,18.2,221
2026-06-01 16:00:00,19.9,63,0.1,1011.4,17.6,218
2026-06-01 17:00:00,20.1,62,0.0,1010.5,16.5,218
2026-06-01 18:00:00,19.7,64,0.0,1009.8,17.7,213
2026-06-01 19:00:00,18.5,71,0.0,1009.3,15.3,207
2026-06-01 20:00:00,17.4,79,0.9,1008.7,15.9,207
2026-06-01 21:00:00,16.6,85,0.4,1008.3,14.3,203
2026-06-01 22:00:00,16.6,85,0.1,1007.9,12.2,202
2026-06-01 23:00:00,16.1,87,0.4,1007.0,11.6,198
2026-06-02 00:00:00,15.9,89,0.3,1006.2,12.4,204
2026-06-02 01:00:00,16.3,87,0.8,1005.5,11.4,198
2026-06-02 02:00:00,15.6,93,1.1,1004.5,13.6,198
2026-06-02 03:00:00,15.2,95,1.5,1003.6,13.4,191
2026-06-02 04:00:00,15.0,96,1.3,1002.8,13.5,188
2026-06-02 05:00:00,14.9,96,1.5,1002.3,14.5,205
2026-06-02 06:00:00,15.1,96,1.2,1001.5,9.2,197
2026-06-02 07:00:00,14.9,96,1.6,1000.9,9.0,210
2026-06-02 08:00:00,15.7,94,0.1,1001.1,11.1,224
2026-06-02 09:00:00,14.4,90,1.3,1001.1,13.4,234
2026-06-02 10:00:00,15.6,84,0.8,1001.3,10.1,267
2026-06-02 11:00:00,17.7,76,0.1,1001.0,10.8,244
2026-06-02 12:00:00,18.6,68,0.1,1001.1,13.6,246
2026-06-02 13:00:00,18.4,69,0.1,1000.8,10.4,240
2026-06-02 14:00:00,19.8,53,0.1,1000.0,14.5,249
2026-06-02 15:00:00,15.5,72,1.5,1001.8,19.2,248
2026-06-02 16:00:00,16.7,73,0.6,1001.6,10.3,247
2026-06-02 17:00:00,18.2,57,0.3,1001.3,15.4,256
2026-06-02 18:00:00,16.4,74,1.3,1001.7,13.3,254
2026-06-02 19:00:00,17.1,68,0.2,1002.5,14.9,262
2026-06-02 20:00:00,16.6,71,0.0,1002.8,13.7,256
2026-06-02 21:00:00,16.0,73,0.0,1003.6,13.1,255
2026-06-02 22:00:00,15.4,77,0.0,1004.2,12.5,254
2026-06-02 23:00:00,14.8,80,0.0,1004.6,13.3,252
2026-06-03 00:00:00,14.2,83,0.0,1004.9,12.8,251
2026-06-03 01:00:00,13.9,87,0.0,1004.9,12.2,246
2026-06-03 02:00:00,13.6,89,0.0,1005.2,13.1,249
2026-06-03 03:00:00,13.2,91,0.0,1005.1,12.9,247
2026-06-03 04:00:00,12.8,91,0.0,1005.2,12.2,243
2026-06-03 05:00:00,12.6,91,0.0,1004.9,11.6,234
2026-06-03 06:00:00,12.8,90,0.0,1005.1,12.4,230
2026-06-03 07:00:00,13.4,84,0.0,1004.9,13.9,228
2026-06-03 08:00:00,14.3,76,0.0,1004.4,15.3,222
2026-06-03 09:00:00,15.4,72,0.0,1003.6,16.3,214
2026-06-03 10:00:00,15.2,76,0.1,1003.0,20.1,210
2026-06-03 11:00:00,15.6,77,1.2,1002.4,23.1,212
2026-06-03 12:00:00,14.6,88,1.4,1000.9,20.2,198
2026-06-03 13:00:00,15.6,80,0.6,999.8,27.6,199
2026-06-03 14:00:00,16.2,80,0.2,998.5,25.7,195
2026-06-03 15:00:00,17.1,82,0.2,997.0,20.0,202
2026-06-03 16:00:00,19.1,66,0.0,996.2,27.5,223
2026-06-03 17:00:00,18.5,67,0.1,996.2,25.6,224
2026-06-03 18:00:00,17.6,68,0.2,996.1,26.0,224
2026-06-03 19:00:00,16.9,70,0.3,996.3,24.7,224
2026-06-03 20:00:00,15.8,73,0.1,996.3,21.9,226
2026-06-03 21:00:00,15.1,78,0.0,996.2,18.9,220
2026-06-03 22:00:00,14.5,81,0.0,996.2,19.6,219
2026-06-03 23:00:00,14.2,81,0.0,996.2,20.0,219
2026-06-04 00:00:00,13.8,81,0.0,995.8,19.6,218
2026-06-04 01:00:00,13.8,83,0.0,995.1,19.0,215
2026-06-04 02:00:00,13.6,82,0.0,994.7,19.0,218
2026-06-04 03:00:00,13.4,83,0.0,994.1,18.6,219
2026-06-04 04:00:00,13.3,83,0.0,993.8,18.3,221
2026-06-04 05:00:00,13.0,83,0.0,993.7,17.6,222
2026-06-04 06:00:00,13.2,81,0.0,993.7,17.5,221
2026-06-04 07:00:00,13.9,80,0.1,993.8,16.7,217
2026-06-04 08:00:00,13.8,81,0.5,993.8,18.4,219
2026-06-04 09:00:00,15.0,74,0.2,993.7,18.3,225
2026-06-04 10:00:00,13.7,79,0.4,994.2,20.8,236
2026-06-04 11:00:00,13.8,80,0.4,994.3,22.2,228
2026-06-04 12:00:00,15.5,74,0.8,994.6,17.6,225
2026-06-04 13:00:00,16.0,63,2.3,995.4,23.3,251
2026-06-04 14:00:00,17.0,58,0.3,995.3,20.7,246
2026-06-04 15:00:00,17.8,61,0.2,995.8,19.5,237
2026-06-04 16:00:00,15.8,74,1.2,997.1,17.3,242
2026-06-04 17:00:00,15.8,71,0.3,997.3,17.0,246
2026-06-04 18:00:00,16.5,73,1.0,997.9,17.6,252
2026-06-04 19:00:00,17.2,59,2.2,998.8,17.6,256
2026-06-04 20:00:00,16.2,65,0.1,999.6,15.7,253
2026-06-04 21:00:00,15.3,71,0.0,1000.7,14.5,251
2026-06-04 22:00:00,14.6,74,0.0,1001.8,14.0,248
2026-06-04 23:00:00,13.9,77,0.0,1002.6,14.3,247
2026-06-05 00:00:00,13.3,80,0.0,1003.1,13.7,248
2026-06-05 01:00:00,13.1,83,0.0,1003.7,13.6,253
2026-06-05 02:00:00,12.7,85,0.0,1004.4,12.2,251
2026-06-05 03:00:00,12.3,87,0.0,1005.2,11.4,249
2026-06-05 04:00:00,11.9,89,0.0,1005.9,11.4,249
2026-06-05 05:00:00,11.5,90,0.0,1006.7,10.8,249
2026-06-05 06:00:00,11.8,88,0.0,1007.5,10.1,251
2026-06-05 07:00:00,13.2,82,0.0,1008.2,10.5,251
2026-06-05 08:00:00,14.1,76,0.0,1008.8,10.3,257
2026-06-05 09:00:00,14.9,68,0.0,1009.1,10.4,255
2026-06-05 10:00:00,15.7,62,0.1,1009.6,11.7,252
2026-06-05 11:00:00,16.5,54,0.1,1009.7,13.0,251
2026-06-05 12:00:00,17.2,49,0.0,1009.8,13.5,249
2026-06-05 13:00:00,17.7,47,0.0,1010.0,12.7,238
2026-06-05 14:00:00,17.0,50,0.0,1010.2,12.1,237
2026-06-05 15:00:00,17.4,50,0.0,1010.3,12.6,236
2026-06-05 16:00:00,17.2,51,0.0,1010.3,14.6,220
2026-06-05 17:00:00,16.5,59,0.1,1010.4,14.2,231
2026-06-05 18:00:00,16.5,56,0.0,1010.3,13.2,220
2026-06-05 19:00:00,16.4,50,0.0,1010.2,13.9,203
2026-06-05 20:00:00,15.2,55,0.0,1010.3,13.4,200
2026-06-05 21:00:00,13.8,63,0.0,1010.6,11.4,195
2026-06-05 22:00:00,13.0,68,0.0,1010.6,10.1,186
2026-06-05 23:00:00,12.5,70,0.0,1010.4,10.5,175
2026-06-06 00:00:00,12.2,73,0.0,1009.9,9.6,163
2026-06-06 01:00:00,12.5,73,0.1,1009.2,11.3,143
2026-06-06 02:00:00,12.6,75,0.3,1008.6,12.4,150
2026-06-06 03:00:00,12.6,81,0.3,1007.9,11.3,151
2026-06-06 04:00:00,12.9,80,0.2,1007.2,13.4,160
2026-06-06 05:00:00,12.8,85,0.4,1006.7,13.5,171
2026-06-06 06:00:00,12.8,86,0.4,1006.1,13.2,156
2026-06-06 07:00:00,13.3,81,0.1,1005.4,16.1,160
2026-06-06 08:00:00,13.0,83,0.4,1004.7,15.9,157
2026-06-06 09:00:00,13.9,81,0.7,1004.0,19.1,158
2026-06-06 10:00:00,14.2,80,0.3,1003.7,20.7,165
2026-06-06 11:00:00,14.3,80,0.2,1003.7,17.3,196
2026-06-06 12:00:00,15.8,65,0.4,1003.7,20.0,191
2026-06-06 13:00:00,16.9,60,0.2,1003.7,22.7,197
2026-06-06 14:00:00,16.3,65,0.1,1003.2,25.3,191
2026-06-06 15:00:00,15.4,76,0.2,1002.9,24.2,198
2026-06-06 16:00:00,15.6,84,0.8,1002.8,20.9,207
2026-06-06 17:00:00,15.7,83,0.1,1003.3,24.4,216
2026-06-06 18:00:00,16.0,79,0.1,1003.9,25.9,222
2026-06-06 19:00:00,15.4,83,0.3,1005.4,19.2,228
2026-06-06 20:00:00,15.1,82,0.3,1006.7,25.5,244
2026-06-06 21:00:00,14.8,80,0.0,1008.3,23.8,246
2026-06-06 22:00:00,14.5,78,0.0,1009.7,22.1,248
2026-06-06 23:00:00,14.3,76,0.0,1011.0,20.3,249
2026-06-07 00:00:00,14.0,75,0.0,1012.2,19.1,249
2026-06-07 01:00:00,13.1,78,0.0,1013.1,16.4,245
2026-06-07 02:00:00,12.3,80,0.0,1014.0,15.9,244
2026-06-07 03:00:00,11.7,81,0.0,1014.8,14.2,244
2026-06-07 04:00:00,11.3,82,0.0,1015.3,13.0,239
2026-06-07 05:00:00,10.9,85,0.0,1016.0,12.3,235
2026-06-07 06:00:00,11.3,84,0.0,1016.8,11.7,233
2026-06-07 07:00:00,12.8,80,0.0,1017.5,12.2,234
2026-06-07 08:00:00,14.1,75,0.0,1017.8,15.6,236
2026-06-07 09:00:00,15.5,70,0.0,1018.1,16.1,240
2026-06-07 10:00:00,16.1,67,0.0,1018.4,15.9,239
2026-06-07 11:00:00,17.2,63,0.0,1018.3,16.2,235
2026-06-07 12:00:00,17.8,63,0.0,1018.4,17.7,229
2026-06-07 13:00:00,17.8,67,0.0,1018.4,16.9,223
2026-06-07 14:00:00,17.9,65,0.1,1018.4,17.7,227
2026-06-07 15:00:00,18.3,61,0.0,1018.2,18.5,228
2026-06-07 16:00:00,18.7,60,0.0,1018.1,18.5,223
2026-06-07 17:00:00,18.4,61,0.0,1018.0,17.3,223
2026-06-07 18:00:00,17.8,64,0.0,1017.7,15.9,223
2026-06-07 19:00:00,16.8,67,0.0,1017.5,13.9,219
2026-06-07 20:00:00,15.9,72,0.0,1017.2,13.6,212
2026-06-07 21:00:00,15.3,75,0.0,1017.1,13.5,218
2026-06-07 22:00:00,14.8,78,0.0,1017.0,12.2,218
2026-06-07 23:00:00,14.3,80,0.0,1016.8,11.1,209
2026-06-08 00:00:00,13.9,82,0.0,1016.4,11.0,203
2026-06-08 01:00:00,14.0,85,0.0,1015.7,10.9,193
2026-06-08 02:00:00,14.2,84,0.0,1015.1,11.1,192
2026-06-08 03:00:00,14.1,84,0.1,1014.3,11.6,193
2026-06-08 04:00:00,13.9,85,0.2,1013.6,10.9,188
2026-06-08 05:00:00,13.8,86,0.3,1013.1,11.1,196
2026-06-08 06:00:00,13.6,89,0.3,1013.0,12.6,209
2026-06-08 07:00:00,13.6,89,0.0,1012.5,12.3,205
2026-06-08 08:00:00,14.3,83,0.1,1012.1,10.8,210
2026-06-08 09:00:00,14.3,84,0.2,1011.9,12.5,208
2026-06-08 10:00:00,13.6,87,1.6,1011.8,13.7,219
2026-06-08 11:00:00,13.7,90,1.0,1011.0,9.8,215
2026-06-08 12:00:00,14.1,90,0.9,1011.2,10.7,225
2026-06-08 13:00:00,15.7,81,0.6,1010.8,9.9,222
2026-06-08 14:00:00,14.2,82,1.0,1010.8,12.2,244
2026-06-08 15:00:00,14.9,80,0.3,1010.6,10.8,249
2026-06-08 16:00:00,16.9,71,0.2,1010.4,9.7,269
2026-06-08 17:00:00,15.1,74,1.3,1010.0,12.0,262
2026-06-08 18:00:00,13.8,90,1.6,1010.3,5.6,220
2026-06-08 19:00:00,16.4,50,0.2,1010.6,12.2,272
2026-06-08 20:00:00,15.4,58,0.0,1010.7,10.9,264
2026-06-08 21:00:00,14.4,64,0.0,1011.2,12.2,251
2026-06-08 22:00:00,13.1,69,0.0,1012.0,15.8,263
2026-06-08 23:00:00,12.0,71,0.0,1012.6,13.7,267
2026-06-09 00:00:00,11.4,72,0.0,1012.8,12.8,264
2026-06-09 01:00:00,10.8,73,0.0,1012.8,11.6,265
2026-06-09 02:00:00,10.4,76,0.0,1012.8,10.9,257
2026-06-09 03:00:00,9.7,80,0.0,1012.7,10.5,241
2026-06-09 04:00:00,9.1,83,0.0,1012.8,10.1,229
2026-06-09 05:00:00,9.0,86,0.0,1012.7,10.3,227
2026-06-09 06:00:00,9.5,85,0.0,1012.7,11.9,232
2026-06-09 07:00:00,10.9,81,0.0,1012.8,10.7,225
2026-06-09 08:00:00,11.9,78,0.0,1012.9,12.0,227
2026-06-09 09:00:00,13.5,72,0.0,1012.7,14.8,234
2026-06-09 10:00:00,14.7,66,0.1,1012.3,16.0,240
2026-06-09 11:00:00,12.5,76,1.7,1012.3,19.7,256
2026-06-09 12:00:00,14.1,60,2.4,1012.3,15.9,257
2026-06-09 13:00:00,15.9,57,0.2,1012.2,18.3,255
2026-06-09 14:00:00,16.8,44,0.1,1011.9,18.4,254
2026-06-09 15:00:00,17.2,44,0.0,1011.9,18.4,256
2026-06-09 16:00:00,16.9,48,0.0,1012.1,19.4,257
2026-06-09 17:00:00,17.0,49,0.0,1012.1,19.0,263
2026-06-09 18:00:00,16.5,50,0.0,1012.3,19.3,265
2026-06-09 19:00:00,16.1,45,0.0,1012.4,16.2,269
2026-06-09 20:00:00,15.3,49,0.0,1012.5,13.1,261
2026-06-09 21:00:00,14.2,57,0.0,1012.9,11.5,250
2026-06-09 22:00:00,13.1,65,0.0,1013.5,11.2,238
2026-06-09 23:00:00,12.2,72,0.0,1013.8,12.0,240
2026-06-10 00:00:00,11.6,75,0.0,1014.0,11.9,243
2026-06-10 01:00:00,11.0,78,0.0,1013.9,11.4,249
2026-06-10 02:00:00,10.5,80,0.0,1013.8,10.9,246
2026-06-10 03:00:00,10.0,83,0.0,1013.8,10.7,243
2026-06-10 04:00:00,9.5,85,0.0,1013.7,10.2,239
2026-06-10 05:00:00,9.1,87,0.0,1013.8,10.2,239
2026-06-10 06:00:00,9.5,86,0.0,1013.8,9.2,237
2026-06-10 07:00:00,10.9,81,0.0,1014.0,8.3,231
2026-06-10 08:00:00,12.2,76,0.0,1014.4,9.6,244
2026-06-10 09:00:00,13.4,72,0.0,1014.5,10.3,251
2026-06-10 10:00:00,13.9,70,0.0,1014.5,10.6,251
2026-06-10 11:00:00,15.3,62,0.1,1014.3,11.7,245
2026-06-10 12:00:00,11.4,85,2.9,1014.9,9.5,272
2026-06-10 13:00:00,15.3,51,0.4,1014.6,14.1,264
2026-06-10 14:00:00,16.6,50,0.1,1014.0,13.7,260
2026-06-10 15:00:00,16.9,50,0.0,1014.2,13.8,258
2026-06-10 16:00:00,15.2,56,0.5,1014.6,16.4,247
2026-06-10 17:00:00,14.5,60,0.1,1014.6,14.3,282
2026-06-10 18:00:00,13.7,74,2.3,1014.7,10.8,285
2026-06-10 19:00:00,13.0,79,2.1,1015.2,7.2,258
2026-06-10 20:00:00,13.2,76,0.2,1015.9,7.9,267
2026-06-10 21:00:00,12.7,80,0.0,1016.3,7.3,254
2026-06-10 22:00:00,12.3,81,0.0,1016.8,8.9,245
2026-06-10 23:00:00,12.0,79,0.0,1017.0,10.8,252
2026-06-11 00:00:00,11.4,81,0.0,1017.4,10.7,253
2026-06-11 01:00:00,10.3,87,0.0,1017.9,9.4,253
2026-06-11 02:00:00,9.8,89,0.0,1017.9,10.0,253
2026-06-11 03:00:00,9.5,90,0.0,1018.1,9.0,254
2026-06-11 04:00:00,9.2,91,0.0,1018.2,8.4,245
2026-06-11 05:00:00,9.1,92,0.0,1018.2,8.5,234
2026-06-11 06:00:00,9.6,91,0.0,1018.5,8.5,232
2026-06-11 07:00:00,10.8,88,0.0,1018.5,7.0,220
2026-06-11 08:00:00,11.8,84,0.0,1018.6,8.4,227
2026-06-11 09:00:00,12.9,81,0.1,1018.6,9.2,222
2026-06-11 10:00:00,13.6,78,0.6,1018.4,14.8,234
2026-06-11 11:00:00,12.5,87,1.2,1018.3,14.2,221
2026-06-11 12:00:00,12.2,91,1.3,1018.0,14.3,211
2026-06-11 13:00:00,12.2,90,1.1,1017.3,16.1,208
2026-06-11 14:00:00,13.0,86,0.1,1016.3,19.7,216
2026-06-11 15:00:00,13.3,85,0.5,1015.3,21.2,219
2026-06-11 16:00:00,14.1,86,0.2,1014.5,18.5,218
2026-06-11 17:00:00,14.5,88,0.0,1014.2,17.4,223
2026-06-11 18:00:00,15.6,86,0.2,1014.1,16.9,232
2026-06-11 19:00:00,16.8,83,0.1,1014.2,15.5,245
2026-06-11 20:00:00,16.9,83,0.0,1014.3,16.2,253
2026-06-11 21:00:00,16.3,85,0.0,1014.7,16.3,254
2026-06-11 22:00:00,15.9,87,0.0,1015.3,16.2,255
2026-06-11 23:00:00,15.6,88,0.0,1015.5,16.5,256
2026-06-12 00:00:00,15.5,89,0.0,1015.6,16.1,257
2026-06-12 01:00:00,15.7,89,0.0,1015.8,14.9,258
2026-06-12 02:00:00,15.8,88,0.0,1015.7,16.5,256
2026-06-12 03:00:00,15.8,88,0.0,1015.8,17.4,257
2026-06-12 04:00:00,15.6,88,0.0,1015.9,17.4,259
2026-06-12 05:00:00,15.4,88,0.0,1016.2,17.1,262
2026-06-12 06:00:00,15.4,89,0.0,1016.6,16.0,263
2026-06-12 07:00:00,15.6,87,0.0,1017.0,15.5,258
2026-06-12 08:00:00,16.0,84,0.0,1017.3,16.2,258
2026-06-12 09:00:00,16.7,81,0.0,1017.7,19.2,260
2026-06-12 10:00:00,17.0,81,0.0,1018.0,19.2,258
2026-06-12 11:00:00,17.4,80,0.0,1018.3,19.4,253
2026-06-12 12:00:00,18.1,78,0.0,1018.5,20.1,247
2026-06-12 13:00:00,18.4,78,0.0,1018.5,15.1,241
2026-06-12 14:00:00,19.7,73,0.0,1018.1,17.9,252
2026-06-12 15:00:00,20.3,69,0.0,1017.9,22.6,258
2026-06-12 16:00:00,20.9,66,0.0,1017.8,22.2,262
2026-06-12 17:00:00,20.8,65,0.0,1017.8,21.8,262
2026-06-12 18:00:00,20.0,66,0.0,1018.0,20.9,260
2026-06-12 19:00:00,19.5,64,0.0,1018.0,17.9,257
2026-06-12 20:00:00,18.1,69,0.0,1018.2,17.3,259
2026-06-12 21:00:00,16.6,74,0.0,1018.7,15.0,259
2026-06-12 22:00:00,15.3,78,0.0,1019.4,15.2,257
2026-06-12 23:00:00,14.5,80,0.0,1019.8,14.8,256
2026-06-13 00:00:00,13.8,83,0.0,1020.0,13.5,251
2026-06-13 01:00:00,13.2,87,0.0,1019.8,13.7,251
2026-06-13 02:00:00,12.8,89,0.0,1019.8,13.9,253
2026-06-13 03:00:00,12.5,90,0.0,1019.9,13.3,254
2026-06-13 04:00:00,12.5,90,0.0,1019.8,13.1,254
2026-06-13 05:00:00,12.7,89,0.0,1019.7,12.7,255
2026-06-13 06:00:00,13.1,87,0.0,1019.8,13.2,264
2026-06-13 07:00:00,14.2,79,0.0,1019.8,13.2,264
2026-06-13 08:00:00,15.0,71,0.0,1020.0,14.2,277
2026-06-13 09:00:00,15.5,67,0.0,1020.2,13.3,279
2026-06-13 10:00:00,16.2,63,0.0,1020.4,13.8,283
2026-06-13 11:00:00,16.7,58,0.0,1020.5,13.9,283
2026-06-13 12:00:00,17.5,57,0.0,1020.6,13.1,282
2026-06-13 13:00:00,18.8,50,0.0,1020.0,11.4,277
2026-06-13 14:00:00,19.4,48,0.0,1019.6,12.1,276
2026-06-13 15:00:00,19.8,48,0.0,1019.2,13.0,273
2026-06-13 16:00:00,19.9,49,0.0,1018.9,13.8,276
2026-06-13 17:00:00,19.9,50,0.0,1018.8,14.1,281
2026-06-13 18:00:00,19.6,51,0.0,1018.6,14.1,286
2026-06-13 19:00:00,19.8,48,0.0,1018.3,13.2,292
2026-06-13 20:00:00,18.9,53,0.0,1018.3,11.9,301
2026-06-13 21:00:00,17.4,59,0.0,1018.7,11.6,313
2026-06-13 22:00:00,16.4,62,0.0,1019.3,11.6,312
2026-06-13 23:00:00,15.3,67,0.0,1019.7,8.9,324
2026-06-14 00:00:00,14.1,73,0.0,1019.9,6.7,322
2026-06-14 01:00:00,13.4,75,0.0,1019.9,6.3,309
2026-06-14 02:00:00,12.7,77,0.0,1019.7,7.6,297
2026-06-14 03:00:00,12.2,79,0.0,1019.6,7.9,290
2026-06-14 04:00:00,11.9,80,0.0,1019.4,7.7,279
2026-06-14 05:00:00,11.6,81,0.0,1019.4,8.5,272
2026-06-14 06:00:00,11.8,81,0.0,1019.2,8.6,272
2026-06-14 07:00:00,13.1,75,0.0,1019.4,8.1,291
2026-06-14 08:00:00,14.2,69,0.0,1019.5,8.3,309
2026-06-14 09:00:00,15.2,63,0.0,1019.4,8.0,322
2026-06-14 10:00:00,16.5,54,0.0,1019.1,8.6,329
2026-06-14 11:00:00,17.1,53,0.0,1018.8,6.8,325
2026-06-14 12:00:00,18.2,51,0.0,1018.7,6.5,316
2026-06-14 13:00:00,19.6,46,0.0,1018.5,6.2,316
2026-06-14 14:00:00,20.1,45,0.0,1018.0,5.6,299
2026-06-14 15:00:00,20.3,46,0.0,1017.5,5.9,301
2026-06-14 16:00:00,20.5,47,0.0,1017.4,7.1,311
2026-06-14 17:00:00,20.2,48,0.0,1017.2,6.7,314
2026-06-14 18:00:00,19.8,50,0.0,1017.0,6.4,313
2026-06-14 19:00:00,19.3,49,0.0,1017.0,4.6,321
2026-06-14 20:00:00,18.9,51,0.0,1016.6,4.1,337
2026-06-14 21:00:00,18.4,59,0.0,1016.5,4.4,330
2026-06-14 22:00:00,18.1,61,0.0,1016.7,5.2,14
2026-06-14 23:00:00,17.1,62,0.0,1016.8,8.6,74
2026-06-15 00:00:00,15.6,70,0.0,1016.7,8.5,90
2026-06-15 01:00:00,14.8,74,0.0,1016.5,7.7,74
2026-06-15 02:00:00,14.3,77,0.0,1016.3,6.8,87
2026-06-15 03:00:00,13.9,79,0.0,1016.0,5.6,68
2026-06-15 04:00:00,13.6,82,0.0,1015.7,5.7,55
2026-06-15 05:00:00,13.0,85,0.0,1015.8,5.8,54
2026-06-15 06:00:00,12.7,89,0.3,1015.7,5.5,73
2026-06-15 07:00:00,13.4,84,2.4,1015.6,7.3,70
2026-06-15 08:00:00,14.0,82,0.2,1015.5,7.3,80
2026-06-15 09:00:00,15.3,77,0.0,1015.0,8.7,82
2026-06-15 10:00:00,16.7,71,0.0,1014.3,10.2,97
2026-06-15 11:00:00,18.5,61,0.0,1014.0,11.0,116
2026-06-15 12:00:00,19.8,57,0.0,1013.5,12.0,126
2026-06-15 13:00:00,19.5,56,0.0,1013.1,12.8,128
2026-06-15 14:00:00,20.9,50,0.0,1012.4,12.4,132
2026-06-15 15:00:00,21.5,49,0.0,1011.8,12.2,137
2026-06-15 16:00:00,22.0,48,0.0,1011.2,12.7,141
2026-06-15 17:00:00,22.3,49,0.0,1010.5,11.7,144
2026-06-15 18:00:00,21.9,53,0.0,1010.2,10.4,143
2026-06-15 19:00:00,21.1,56,0.0,1009.8,9.1,129
2026-06-15 20:00:00,20.6,59,0.0,1009.3,8.7,107
2026-06-15 21:00:00,18.9,67,0.0,1009.5,10.1,63
2026-06-15 22:00:00,17.0,76,0.0,1010.0,10.2,58
2026-06-15 23:00:00,16.3,78,0.0,1009.9,7.1,60
2026-06-16 00:00:00,16.1,80,0.0,1010.1,5.6,61
2026-06-16 01:00:00,15.6,84,0.3,1010.1,2.2,85
2026-06-16 02:00:00,15.6,86,0.0,1010.4,1.7,319
2026-06-16 03:00:00,15.4,89,0.0,1010.0,2.9,176
2026-06-16 04:00:00,15.7,87,0.0,1010.2,5.8,248
2026-06-16 05:00:00,15.0,93,0.0,1010.7,8.3,246
2026-06-16 06:00:00,15.1,90,0.0,1011.0,8.6,262
2026-06-16 07:00:00,15.9,86,0.0,1011.5,7.6,262
2026-06-16 08:00:00,16.9,80,0.0,1011.9,8.3,268
2026-06-16 09:00:00,17.8,75,0.0,1011.9,7.6,278
2026-06-16 10:00:00,19.5,65,0.0,1012.1,7.4,288
2026-06-16 11:00:00,21.2,56,0.0,1012.2,7.5,280
2026-06-16 12:00:00,22.8,49,0.0,1012.7,8.8,258
2026-06-16 13:00:00,24.4,45,0.0,1012.8,10.7,261
2026-06-16 14:00:00,24.4,44,0.0,1012.6,8.1,270
2026-06-16 15:00:00,25.6,39,0.0,1012.4,8.7,277
2026-06-16 16:00:00,26.0,40,0.0,1012.3,13.0,248
2026-06-16 17:00:00,25.2,44,0.0,1012.6,14.8,240
2026-06-16 18:00:00,24.1,51,0.0,1012.6,15.4,225
2026-06-16 19:00:00,22.3,60,0.0,1013.2,16.0,227
2026-06-16 20:00:00,20.6,69,0.2,1013.2,13.2,231
2026-06-16 21:00:00,19.1,78,0.2,1013.8,13.2,236
2026-06-16 22:00:00,18.2,83,0.3,1014.4,12.3,231
2026-06-16 23:00:00,17.6,86,0.0,1014.6,11.5,231
2026-06-17 00:00:00,16.9,89,0.0,1014.8,10.6,228
2026-06-17 01:00:00,17.2,85,0.0,1014.5,9.6,230
2026-06-17 02:00:00,16.7,88,0.1,1014.4,9.1,221
2026-06-17 03:00:00,16.3,92,0.5,1014.5,9.9,213
2026-06-17 04:00:00,16.2,94,0.1,1014.4,12.3,217
2026-06-17 05:00:00,16.5,93,0.0,1014.4,11.6,213
2026-06-17 06:00:00,17.0,91,0.0,1014.8,13.5,224
2026-06-17 07:00:00,17.9,90,0.0,1014.8,13.7,224
2026-06-17 08:00:00,18.3,87,0.0,1014.8,14.3,214
2026-06-17 09:00:00,19.0,82,0.0,1015.1,17.7,228
2026-06-17 10:00:00,20.3,74,0.1,1014.9,18.1,226
2026-06-17 11:00:00,21.2,70,0.1,1015.1,19.5,230
2026-06-17 12:00:00,22.3,64,0.0,1015.2,18.2,225
2026-06-17 13:00:00,24.6,57,0.0,1014.8,17.4,226
2026-06-17 14:00:00,25.3,53,0.0,1014.7,17.6,230
2026-06-17 15:00:00,24.9,54,0.0,1014.9,18.4,234
2026-06-17 16:00:00,24.6,56,0.0,1015.1,17.0,234
2026-06-17 17:00:00,23.8,60,0.0,1015.2,16.0,232
2026-06-17 18:00:00,22.7,66,0.0,1015.1,15.1,229
2026-06-17 19:00:00,22.3,68,0.0,1015.6,13.6,240
2026-06-17 20:00:00,21.6,70,0.0,1015.6,12.3,235
2026-06-17 21:00:00,20.9,73,0.0,1015.8,11.3,234
2026-06-17 22:00:00,20.0,77,0.0,1016.1,10.6,224
2026-06-17 23:00:00,19.1,81,0.0,1016.5,9.2,223
2026-06-18 00:00:00,18.4,85,0.0,1016.6,8.7,223
2026-06-18 01:00:00,17.8,87,0.0,1016.6,8.4,227
2026-06-18 02:00:00,17.3,89,0.0,1016.5,8.4,228
2026-06-18 03:00:00,16.7,92,0.0,1016.3,8.4,228
2026-06-18 04:00:00,16.6,93,0.0,1016.2,8.0,228
2026-06-18 05:00:00,16.6,93,0.0,1016.0,8.7,232
2026-06-18 06:00:00,17.0,91,0.0,1016.1,9.2,235
2026-06-18 07:00:00,18.1,84,0.0,1016.3,8.8,231
2026-06-18 08:00:00,19.0,79,0.0,1016.5,9.8,226
2026-06-18 09:00:00,19.7,74,0.0,1016.5,10.5,221
2026-06-18 10:00:00,20.8,69,0.0,1016.4,11.5,215
2026-06-18 11:00:00,22.5,61,0.0,1015.9,11.1,214
2026-06-18 12:00:00,24.3,54,0.0,1015.7,13.6,211
2026-06-18 13:00:00,25.4,52,0.0,1015.0,12.9,205
2026-06-18 14:00:00,25.5,55,0.0,1014.2,11.8,201
2026-06-18 15:00:00,24.7,56,0.0,1013.9,11.2,196
2026-06-18 16:00:00,23.6,61,0.0,1013.4,10.8,190
2026-06-18 17:00:00,23.0,63,0.1,1013.4,10.9,200
2026-06-18 18:00:00,24.0,59,0.0,1013.0,10.3,209
2026-06-18 19:00:00,24.1,57,0.0,1012.5,9.0,206
2026-06-18 20:00:00,23.6,59,0.0,1012.3,8.7,201
2026-06-18 21:00:00,22.6,65,0.0,1012.3,8.4,199
2026-06-18 22:00:00,21.6,71,0.0,1012.5,7.9,204
2026-06-18 23:00:00,20.6,75,0.0,1012.6,6.4,212
2026-06-19 00:00:00,20.0,77,0.0,1012.4,5.1,207
2026-06-19 01:00:00,19.8,77,0.0,1011.9,4.4,192
2026-06-19 02:00:00,19.2,80,0.0,1011.2,4.5,241
2026-06-19 03:00:00,18.7,81,0.0,1010.9,5.0,240
2026-06-19 04:00:00,18.3,84,0.0,1010.5,5.8,274
2026-06-19 05:00:00,17.7,86,0.0,1010.3,6.3,277
2026-06-19 06:00:00,17.8,84,0.0,1010.4,4.2,265
2026-06-19 07:00:00,19.0,78,0.0,1010.4,3.9,254
2026-06-19 08:00:00,20.5,72,0.0,1010.5,4.1,241
2026-06-19 09:00:00,22.2,65,0.0,1010.3,4.5,230
2026-06-19 10:00:00,24.2,57,0.0,1010.1,5.1,231
2026-06-19 11:00:00,26.0,54,0.0,1010.1,6.9,225
2026-06-19 12:00:00,27.5,51,0.0,1010.1,9.8,227
2026-06-19 13:00:00,29.6,45,0.0,1009.9,11.6,216
2026-06-19 14:00:00,29.9,43,0.0,1009.8,14.0,213
2026-06-19 15:00:00,29.9,42,0.0,1009.6,14.5,221
2026-06-19 16:00:00,29.5,41,0.0,1009.5,13.9,223
2026-06-19 17:00:00,28.9,42,0.0,1009.7,13.8,227
2026-06-19 18:00:00,27.6,45,0.0,1010.4,14.8,225
2026-06-19 19:00:00,27.2,48,0.0,1010.1,13.4,244
2026-06-19 20:00:00,25.8,52,0.0,1010.5,13.0,246
2026-06-19 21:00:00,24.4,57,0.0,1011.5,12.6,243
2026-06-19 22:00:00,22.9,63,0.0,1012.0,12.2,245
2026-06-19 23:00:00,21.6,69,0.0,1012.4,10.8,234
2026-06-20 00:00:00,20.2,75,0.0,1013.1,10.5,239
2026-06-20 01:00:00,19.1,80,0.0,1013.0,9.2,242
2026-06-20 02:00:00,18.2,84,0.0,1013.1,10.2,240
2026-06-20 03:00:00,17.8,86,0.0,1013.4,8.8,231
2026-06-20 04:00:00,17.6,87,0.0,1013.7,8.0,224
2026-06-20 05:00:00,17.4,88,0.0,1014.1,7.8,209
2026-06-20 06:00:00,18.1,85,0.0,1014.8,9.4,216
2026-06-20 07:00:00,19.3,80,0.0,1014.9,12.9,235
2026-06-20 08:00:00,19.9,76,0.0,1015.4,12.6,239
2026-06-20 09:00:00,20.9,72,0.0,1015.9,12.6,242
2026-06-20 10:00:00,22.0,67,0.0,1016.5,11.7,236
2026-06-20 11:00:00,23.3,60,0.0,1017.0,11.6,228
2026-06-20 12:00:00,23.6,59,0.0,1017.3,11.7,224
2026-06-20 13:00:00,25.1,55,0.0,1017.5,10.3,223
2026-06-20 14:00:00,25.5,54,0.0,1017.4,12.5,223
2026-06-20 15:00:00,25.7,54,0.0,1017.6,12.6,222
2026-06-20 16:00:00,25.6,54,0.0,1017.8,12.1,229
2026-06-20 17:00:00,25.6,53,0.1,1018.1,11.1,236
2026-06-20 18:00:00,25.3,54,0.0,1018.1,9.8,226
2026-06-20 19:00:00,24.6,56,0.0,1018.3,7.2,233
2026-06-20 20:00:00,24.4,56,0.0,1018.8,6.9,239
2026-06-20 21:00:00,23.7,60,0.0,1019.5,6.9,233
2026-06-20 22:00:00,23.0,64,0.0,1020.2,6.9,233
2026-06-20 23:00:00,22.3,68,0.0,1020.6,5.6,249
2026-06-21 00:00:00,21.5,72,0.0,1021.1,4.1,255
2026-06-21 01:00:00,20.1,83,0.0,1020.7,2.3,270
2026-06-21 02:00:00,19.7,83,0.0,1020.6,4.1,270
2026-06-21 03:00:00,19.2,86,0.0,1021.1,2.2,265
2026-06-21 04:00:00,18.8,88,0.0,1021.1,2.6,282
2026-06-21 05:00:00,18.5,90,0.0,1021.9,1.1,288
2026-06-21 06:00:00,19.0,87,0.0,1022.3,2.3,328
2026-06-21 07:00:00,20.5,80,0.0,1022.4,0.6,34
2026-06-21 08:00:00,22.3,72,0.0,1022.5,0.5,270
2026-06-21 09:00:00,24.1,62,0.0,1022.6,1.3,286
2026-06-21 10:00:00,25.5,56,0.0,1022.7,3.0,303
2026-06-21 11:00:00,27.0,49,0.0,1022.9,2.0,333
2026-06-21 12:00:00,28.6,43,0.0,1023.0,0.7,14
2026-06-21 13:00:00,29.8,38,0.0,1022.7,2.4,347
2026-06-21 14:00:00,30.7,34,0.0,1022.4,3.0,57
2026-06-21 15:00:00,28.9,41,0.0,1022.6,13.7,91
2026-06-21 16:00:00,28.1,48,0.0,1023.0,14.9,89
2026-06-21 17:00:00,28.2,47,0.1,1023.0,12.0,81
2026-06-21 18:00:00,27.8,48,0.0,1023.0,10.7,67
2026-06-21 19:00:00,26.6,53,0.0,1023.4,13.6,78
2026-06-21 20:00:00,24.7,57,0.0,1023.7,14.6,89
2026-06-21 21:00:00,23.3,61,0.0,1024.2,12.4,87
2026-06-21 22:00:00,21.9,70,0.0,1024.8,12.6,79
2026-06-21 23:00:00,20.8,75,0.0,1025.2,11.4,72
2026-06-22 00:00:00,20.4,76,0.0,1025.6,9.7,78
2026-06-22 01:00:00,19.7,78,0.0,1025.6,9.4,70
2026-06-22 02:00:00,19.0,80,0.0,1025.1,9.4,66
2026-06-22 03:00:00,18.4,82,0.0,1024.8,9.5,58
2026-06-22 04:00:00,17.9,83,0.0,1024.6,10.0,60
2026-06-22 05:00:00,17.5,84,0.0,1024.7,9.8,62
2026-06-22 06:00:00,17.6,83,0.0,1024.7,9.1,58
2026-06-22 07:00:00,18.8,80,0.0,1024.8,10.1,63
2026-06-22 08:00:00,20.1,75,0.0,1024.7,9.4,66
2026-06-22 09:00:00,22.2,68,0.0,1024.7,9.7,65
2026-06-22 10:00:00,24.3,62,0.0,1024.3,11.0,72
2026-06-22 11:00:00,26.1,56,0.0,1024.0,11.9,76
2026-06-22 12:00:00,27.5,52,0.0,1023.9,12.4,77
2026-06-22 13:00:00,28.4,49,0.0,1023.6,13.2,78
2026-06-22 14:00:00,28.6,48,0.0,1023.0,14.1,85
2026-06-22 15:00:00,28.6,47,0.0,1022.5,14.8,87
2026-06-22 16:00:00,28.1,48,0.0,1022.1,15.1,87
2026-06-22 17:00:00,27.4,49,0.0,1022.2,15.3,91
2026-06-22 18:00:00,26.4,52,0.0,1022.4,14.4,91
2026-06-22 19:00:00,25.9,53,0.0,1022.4,12.4,88
2026-06-22 20:00:00,23.9,63,0.6,1023.6,9.3,49
2026-06-22 21:00:00,22.8,64,0.6,1022.9,12.0,62
2026-06-22 22:00:00,21.0,71,1.0,1022.4,14.8,89
2026-06-22 23:00:00,20.2,72,0.7,1021.3,13.2,85
2026-06-23 00:00:00,19.9,72,0.0,1021.0,11.4,106
2026-06-23 01:00:00,19.4,79,0.0,1020.9,8.1,53
2026-06-23 02:00:00,18.8,90,2.1,1021.4,8.1,103
2026-06-23 03:00:00,18.3,92,0.6,1019.9,11.6,64
2026-06-23 04:00:00,18.6,92,0.1,1019.7,6.5,98
2026-06-23 05:00:00,18.5,92,4.4,1019.6,10.1,80
2026-06-23 06:00:00,18.7,94,3.1,1019.5,9.8,70
2026-06-23 07:00:00,20.3,88,2.5,1019.6,10.2,73
2026-06-23 08:00:00,21.3,87,0.1,1019.4,8.3,74
2026-06-23 09:00:00,23.0,84,0.2,1019.3,7.0,80
2026-06-23 10:00:00,25.0,78,0.0,1018.3,5.6,94
2026-06-23 11:00:00,27.0,73,0.0,1017.8,7.5,111
2026-06-23 12:00:00,28.5,64,0.0,1018.0,9.3,124
2026-06-23 13:00:00,30.4,48,0.0,1017.5,9.6,137
2026-06-23 14:00:00,31.4,43,0.0,1016.7,8.7,137
2026-06-23 15:00:00,32.6,38,0.0,1016.0,9.3,140
2026-06-23 16:00:00,33.4,36,0.0,1015.4,9.9,155
2026-06-23 17:00:00,33.5,36,0.0,1014.9,9.7,161
2026-06-23 18:00:00,33.3,37,0.0,1014.7,9.1,158
2026-06-23 19:00:00,32.5,36,0.0,1014.5,7.0,138
2026-06-23 20:00:00,31.6,39,0.0,1014.5,7.3,115
2026-06-23 21:00:00,29.5,51,0.0,1014.6,8.3,92
2026-06-23 22:00:00,27.4,67,0.0,1015.0,8.0,85
2026-06-23 23:00:00,26.0,74,0.0,1015.0,6.0,53
2026-06-24 00:00:00,24.7,78,0.0,1015.0,6.4,58
2026-06-24 01:00:00,23.4,85,0.0,1015.0,5.1,42
2026-06-24 02:00:00,22.9,86,0.0,1014.7,5.4,56
2026-06-24 03:00:00,22.4,88,0.0,1014.4,5.6,69
2026-06-24 04:00:00,22.0,88,0.0,1014.2,4.5,61
2026-06-24 05:00:00,21.8,88,0.0,1014.3,3.7,39
2026-06-24 06:00:00,22.4,85,0.0,1014.8,4.2,7
2026-06-24 07:00:00,23.7,78,0.0,1015.2,3.4,16
2026-06-24 08:00:00,25.7,71,0.0,1015.3,4.2,10
2026-06-24 09:00:00,27.6,67,0.0,1015.7,5.6,15
2026-06-24 10:00:00,29.2,62,0.0,1015.8,6.8,18
2026-06-24 11:00:00,30.7,56,0.0,1015.8,7.2,28
2026-06-24 12:00:00,32.0,51,0.0,1015.7,7.5,30
2026-06-24 13:00:00,33.3,46,0.0,1015.6,7.9,20
2026-06-24 14:00:00,33.9,44,0.0,1015.3,7.7,21
2026-06-24 15:00:00,34.5,42,0.0,1015.3,7.6,25
2026-06-24 16:00:00,34.7,41,0.0,1015.4,8.2,29
2026-06-24 17:00:00,34.5,42,0.0,1015.2,9.1,34
2026-06-24 18:00:00,34.2,43,0.0,1015.2,10.5,29
2026-06-24 19:00:00,33.6,46,0.0,1015.5,11.9,35
2026-06-24 20:00:00,31.0,54,0.0,1016.1,13.1,65
2026-06-24 21:00:00,28.0,61,0.0,1016.8,12.0,78
2026-06-24 22:00:00,26.1,67,0.0,1017.3,9.9,80
2026-06-24 23:00:00,24.9,72,0.0,1017.5,8.6,78
2026-06-25 00:00:00,24.4,75,0.0,1017.5,8.9,81
2026-06-25 01:00:00,23.5,79,0.0,1017.9,10.5,74
2026-06-25 02:00:00,22.4,80,0.0,1017.7,10.8,69
2026-06-25 03:00:00,21.5,82,0.0,1017.4,10.4,64
2026-06-25 04:00:00,20.7,83,0.0,1017.1,10.1,63
2026-06-25 05:00:00,20.2,85,0.0,1016.9,9.8,67
2026-06-25 06:00:00,20.5,83,0.0,1016.6,9.7,72
2026-06-25 07:00:00,21.9,78,0.0,1016.7,10.6,69
2026-06-25 08:00:00,23.5,71,0.0,1016.5,11.1,63
2026-06-25 09:00:00,25.3,65,0.0,1016.3,11.8,63
2026-06-25 10:00:00,27.1,60,0.0,1016.2,12.6,73
2026-06-25 11:00:00,28.5,56,0.0,1016.3,14.5,75
2026-06-25 12:00:00,29.6,53,0.0,1015.9,15.2,76
2026-06-25 13:00:00,31.3,48,0.0,1015.5,15.8,79
2026-06-25 14:00:00,31.5,48,0.0,1014.9,15.9,80
2026-06-25 15:00:00,31.7,47,0.0,1014.6,16.3,83
2026-06-25 16:00:00,31.4,47,0.0,1014.2,17.2,84
2026-06-25 17:00:00,30.7,48,0.0,1014.1,15.7,86
2026-06-25 18:00:00,29.6,52,0.0,1013.8,15.3,81
2026-06-25 19:00:00,28.9,54,0.0,1013.4,15.1,82
2026-06-25 20:00:00,27.3,60,0.0,1013.2,14.0,82
2026-06-25 21:00:00,25.6,66,0.0,1013.2,12.4,76
2026-06-25 22:00:00,24.4,71,0.0,1013.4,10.8,72
2026-06-25 23:00:00,23.9,74,0.0,1012.9,9.8,67
2026-06-26 00:00:00,23.8,75,0.0,1012.6,9.3,66
2026-06-26 01:00:00,23.3,79,0.0,1011.9,12.1,73
2026-06-26 02:00:00,24.7,74,0.0,1011.3,10.3,84
2026-06-26 03:00:00,25.8,69,0.0,1011.3,9.0,112
2026-06-26 04:00:00,25.7,69,0.0,1010.4,6.7,74
2026-06-26 05:00:00,25.4,69,0.0,1010.2,6.0,83
2026-06-26 06:00:00,25.9,65,0.0,1011.1,6.4,126
2026-06-26 07:00:00,26.7,64,0.0,1011.0,4.9,197
2026-06-26 08:00:00,29.2,50,0.0,1011.1,6.2,206
2026-06-26 09:00:00,31.0,44,0.0,1011.4,7.1,221
2026-06-26 10:00:00,32.8,40,0.0,1011.6,9.6,220
2026-06-26 11:00:00,33.8,36,0.0,1011.8,11.3,241
2026-06-26 12:00:00,34.9,29,0.0,1012.0,12.0,258
2026-06-26 13:00:00,35.9,27,0.0,1012.1,14.1,243
2026-06-26 14:00:00,35.0,29,0.2,1012.3,12.0,234
2026-06-26 15:00:00,35.7,26,0.0,1012.1,11.8,243
2026-06-26 16:00:00,36.0,23,0.0,1012.3,14.1,240
2026-06-26 17:00:00,35.1,24,0.0,1012.5,15.3,249
2026-06-26 18:00:00,34.0,25,0.0,1012.8,14.5,249
2026-06-26 19:00:00,33.2,26,0.0,1012.6,14.0,246
2026-06-26 20:00:00,31.8,30,0.0,1013.0,12.4,244
2026-06-26 21:00:00,30.2,36,0.0,1013.6,12.6,241
2026-06-26 22:00:00,28.7,43,0.0,1014.3,12.0,244
2026-06-26 23:00:00,27.4,48,0.0,1015.0,10.2,234
2026-06-27 00:00:00,26.2,50,0.0,1015.1,8.7,240
2026-06-27 01:00:00,25.1,55,0.0,1015.1,8.1,253
2026-06-27 02:00:00,23.8,59,0.0,1015.0,8.0,243
2026-06-27 03:00:00,23.0,63,0.0,1014.4,6.3,270
2026-06-27 04:00:00,22.5,66,0.0,1014.8,5.5,259
2026-06-27 05:00:00,22.0,70,0.0,1014.9,6.0,265
2026-06-27 06:00:00,22.1,70,0.0,1015.1,1.9,248
2026-06-27 07:00:00,23.1,68,0.0,1016.0,2.7,138
2026-06-27 08:00:00,24.2,62,0.0,1015.7,2.4,228
2026-06-27 09:00:00,25.8,51,0.0,1015.8,3.4,245
2026-06-27 10:00:00,27.4,43,0.0,1016.1,2.8,198
2026-06-27 11:00:00,28.8,39,0.0,1015.3,4.1,195
2026-06-27 12:00:00,30.2,36,0.0,1014.6,6.9,203
2026-06-27 13:00:00,31.3,34,0.0,1014.1,7.9,200
2026-06-27 14:00:00,31.9,31,0.0,1013.3,9.0,192
2026-06-27 15:00:00,32.4,30,0.0,1013.0,10.7,197
2026-06-27 16:00:00,30.7,35,0.0,1013.1,12.8,178
2026-06-27 17:00:00,30.0,38,0.0,1013.1,12.2,182
2026-06-27 18:00:00,29.0,39,0.0,1012.8,14.8,177
2026-06-27 19:00:00,28.3,43,0.0,1012.2,13.8,187
2026-06-27 20:00:00,26.8,45,0.0,1012.3,16.1,200
2026-06-27 21:00:00,25.4,46,0.0,1012.5,13.2,215
2026-06-27 22:00:00,24.6,47,0.0,1012.6,10.4,219
2026-06-27 23:00:00,23.9,50,0.0,1012.6,9.5,213
2026-06-28 00:00:00,23.1,55,0.0,1013.2,9.8,212
2026-06-28 01:00:00,21.7,60,0.0,1012.8,9.4,200
2026-06-28 02:00:00,21.2,64,0.0,1012.6,10.1,204
2026-06-28 03:00:00,20.8,65,0.0,1012.6,10.4,224
2026-06-28 04:00:00,20.4,66,0.0,1012.7,11.2,229
2026-06-28 05:00:00,19.9,69,0.0,1012.9,12.4,229
2026-06-28 06:00:00,19.6,75,0.0,1013.4,13.2,224
2026-06-28 07:00:00,20.1,75,0.0,1014.0,16.3,232
2026-06-28 08:00:00,21.1,67,0.0,1014.0,14.9,233
2026-06-28 09:00:00,22.2,55,0.0,1014.5,17.4,240
2026-06-28 10:00:00,23.4,48,0.0,1015.0,17.8,237
2026-06-28 11:00:00,23.8,49,0.0,1015.1,17.6,243
2026-06-28 12:00:00,24.1,48,0.0,1015.4,16.9,239
2026-06-28 13:00:00,24.9,45,0.0,1015.4,17.9,230
2026-06-28 14:00:00,25.9,41,0.0,1015.5,18.7,232
2026-06-28 15:00:00,26.1,40,0.0,1015.6,18.2,231
2026-06-28 16:00:00,25.9,40,0.0,1015.7,17.8,240
2026-06-28 17:00:00,24.9,41,0.0,1016.1,17.6,263
2026-06-28 18:00:00,23.7,40,0.0,1016.9,16.3,276
2026-06-28 19:00:00,23.7,41,0.0,1017.6,13.2,280
2026-06-28 20:00:00,22.8,43,0.0,1018.2,13.1,293
2026-06-28 21:00:00,21.5,45,0.0,1019.0,14.2,294
2026-06-28 22:00:00,20.4,45,0.0,1020.1,14.2,290
2026-06-28 23:00:00,19.2,45,0.0,1021.2,13.8,288
2026-06-29 00:00:00,18.2,47,0.0,1022.1,12.8,274
2026-06-29 01:00:00,16.7,55,0.0,1021.9,11.1,277
2026-06-29 02:00:00,15.9,60,0.0,1022.2,10.5,275
2026-06-29 03:00:00,15.3,65,0.0,1022.6,9.3,278
2026-06-29 04:00:00,14.7,70,0.0,1023.0,8.3,269
2026-06-29 05:00:00,14.4,74,0.0,1023.4,8.4,263
2026-06-29 06:00:00,14.7,74,0.0,1023.9,6.9,264
2026-06-29 07:00:00,15.7,70,0.0,1024.2,7.7,267
2026-06-29 08:00:00,16.9,62,0.0,1024.8,9.0,271
2026-06-29 09:00:00,18.2,53,0.0,1024.7,10.1,276
2026-06-29 10:00:00,19.2,47,0.0,1024.6,10.4,278
2026-06-29 11:00:00,20.4,43,0.0,1024.5,8.5,272
2026-06-29 12:00:00,21.7,39,0.0,1024.5,7.8,263
2026-06-29 13:00:00,22.7,37,0.0,1024.2,7.8,255
2026-06-29 14:00:00,23.9,33,0.0,1024.1,8.9,263
2026-06-29 15:00:00,23.8,34,0.0,1023.7,8.9,277
2026-06-29 16:00:00,24.4,32,0.0,1023.5,8.3,286
2026-06-29 17:00:00,24.3,32,0.0,1023.1,8.8,279
2026-06-29 18:00:00,24.0,32,0.0,1022.9,9.8,275
2026-06-29 19:00:00,23.0,37,0.0,1022.9,8.5,283
2026-06-29 20:00:00,22.3,39,0.0,1022.8,9.8,293
2026-06-29 21:00:00,21.7,42,0.0,1022.8,9.3,302
2026-06-29 22:00:00,21.0,45,0.0,1023.2,8.9,308
2026-06-29 23:00:00,20.9,46,0.0,1023.2,6.2,303
