id,second_name,team_name,element_type,now_cost,total_points,minutes,goals_scored,assists,clean_sheets,bps,form,ict_index,next5_avg_difficulty,position,predicted_form,form_diff
1,Raya Martín,Arsenal,1,59,53,990,0,0,7,210,4.8,16.9,3.0,GK,4.937463719680958,0.13746371968095783
2,Arrizabalaga Revuelta,Arsenal,1,42,0,0,0,0,0,0,0.0,0.0,3.0,GK,-0.010210459355186496,-0.010210459355186496
3,Hein,Arsenal,1,40,0,0,0,0,0,0,0.0,0.0,3.0,GK,-0.010210459355186496,-0.010210459355186496
4,Setford,Arsenal,1,40,0,0,0,0,0,0,0.0,0.0,3.0,GK,-0.010210459355186496,-0.010210459355186496
5,dos Santos Magalhães,Arsenal,2,66,81,990,1,2,7,278,8.5,46.8,3.0,DEF,8.543363421129902,0.04336342112990188
6,Saliba,Arsenal,2,60,39,724,0,0,5,177,3.5,21.8,3.0,DEF,3.941876898798322,0.44187689879832215
7,Calafiori,Arsenal,2,58,61,856,1,2,7,213,4.8,41.9,3.0,DEF,4.943381216199132,0.14338121619913213
8,Timber,Arsenal,2,61,67,881,2,2,6,257,4.8,63.5,3.0,DEF,5.939102525638997,1.1391025256389975
9,Kiwior,Arsenal,2,54,0,0,0,0,0,0,0.0,0.0,3.0,DEF,-0.010210459355186496,-0.010210459355186496
10,Lewis-Skelly,Arsenal,2,52,6,86,0,0,0,19,0.5,2.0,3.0,DEF,0.5883520301894756,0.08835203018947557
11,White,Arsenal,2,53,6,70,0,0,1,23,0.0,2.8,3.0,DEF,-0.010210459355186496,-0.010210459355186496
13,Clarke,Arsenal,2,39,0,0,0,0,0,0,0.0,0.0,3.0,DEF,-0.010210459355186496,-0.010210459355186496
14,Kacurri,Arsenal,2,39,0,0,0,0,0,0,0.0,0.0,3.0,DEF,-0.010210459355186496,-0.010210459355186496
15,Nichols,Arsenal,2,39,0,0,0,0,0,0,0.0,0.0,3.0,DEF,-0.010210459355186496,-0.010210459355186496
16,Saka,Arsenal,3,101,45,681,3,0,5,154,6.2,68.0,3.0,MID,6.543448023144604,0.343448023144604
17,Ødegaard,Arsenal,3,78,13,201,0,1,1,47,0.0,13.0,3.0,MID,0.18621713367671555,0.18621713367671555
18,Madueke,Arsenal,3,68,10,304,0,0,2,39,0.0,24.6,3.0,MID,-0.010210459355186496,-0.010210459355186496
19,Martinelli Silva,Arsenal,3,68,16,214,1,0,1,56,0.5,17.5,3.0,MID,0.5848553277014631,0.08485532770146309
20,Trossard,Arsenal,3,69,40,642,2,2,4,137,7.0,47.8,3.0,MID,6.142926989318619,-0.8570730106813809
21,Rice,Arsenal,3,68,65,893,2,4,6,254,6.2,69.1,3.0,MID,7.143893352490503,0.9438933524905027
22,Merino Zazón,Arsenal,3,59,23,413,1,1,2,79,2.0,25.2,3.0,MID,1.7682624739532002,-0.23173752604679976
23,Ferreira Vieira,Arsenal,3,54,0,0,0,0,0,0,0.0,0.0,3.0,MID,-0.010210459355186496,-0.010210459355186496
24,Nørgaard,Arsenal,3,52,2,14,0,0,0,7,0.5,1.4,3.0,MID,0.38856222322679246,-0.11143777677320754
25,Nwaneri,Arsenal,3,52,7,163,0,0,1,17,0.2,5.4,3.0,MID,0.38600694063939867,0.18600694063939865
26,Zubimendi Ibáñez,Arsenal,3,54,47,937,2,1,7,201,3.8,45.5,3.0,MID,3.5410868878578743,-0.25891311214212553
28,Kabia,Arsenal,3,45,0,0,0,0,0,0,0.0,0.0,3.0,MID,-0.010210459355186496,-0.010210459355186496
29,Sambi Lokonga,Arsenal,3,45,0,0,0,0,0,0,0.0,0.0,3.0,MID,-0.010210459355186496,-0.010210459355186496
30,Havertz,Arsenal,4,73,1,30,0,0,0,4,0.0,0.6,3.0,FWD,-0.010210459355186496,-0.010210459355186496
31,Fernando de Jesus,Arsenal,4,64,0,0,0,0,0,0,0.0,0.0,3.0,FWD,-0.010210459355186496,-0.010210459355186496
266,Eze,Arsenal,3,76,41,700,1,3,6,146,4.8,43.4,3.0,MID,4.94633996445822,0.14633996445822017
662,Mosquera,Arsenal,2,54,14,294,0,0,1,64,0.5,9.0,3.0,DEF,0.3841241008381613,-0.11587589916183871
666,Gyökeres,Arsenal,4,89,37,801,4,0,5,143,2.8,57.7,3.0,FWD,2.551686540607877,-0.24831345939212301
700,Dowman,Arsenal,3,43,5,27,0,1,0,13,0.0,2.8,3.0,MID,-0.010210459355186496,-0.010210459355186496
711,Harriman-Annous,Arsenal,3,45,0,0,0,0,0,0,0.0,0.0,3.0,MID,-0.010210459355186496,-0.010210459355186496
725,Hincapié,Arsenal,2,54,2,26,0,0,0,7,0.5,0.1,3.0,DEF,0.38694836054001747,-0.11305163945998253
32,Martínez Romero,Aston Villa,1,50,26,720,0,0,2,122,2.8,14.1,3.0,GK,2.345306794340862,-0.45469320565913796
33,Bizot,Aston Villa,1,43,7,180,0,0,1,22,0.0,2.6,3.0,GK,-0.010210459355186496,-0.010210459355186496
34,Gauci,Aston Villa,1,40,0,0,0,0,0,0,0.0,0.0,3.0,GK,-0.010210459355186496,-0.010210459355186496
35,Marschall,Aston Villa,1,40,0,0,0,0,0,0,0.0,0.0,3.0,GK,-0.010210459355186496,-0.010210459355186496
36,Cash,Aston Villa,2,46,46,876,2,0,3,158,4.2,40.9,3.0,DEF,3.748542542582738,-0.4514574574172623
37,Digne,Aston Villa,2,45,33,727,0,2,3,141,3.0,35.3,3.0,DEF,2.549669212249408,-0.450330787750592
38,Konsa Ngoyo,Aston Villa,2,44,27,785,0,0,3,143,2.8,22.0,3.0,DEF,2.5456345555324704,-0.2543654444675294
39,Maatsen,Aston Villa,2,43,6,169,0,0,0,33,0.8,15.1,3.0,DEF,0.7873349058087715,-0.012665094191228521
40,Mings,Aston Villa,2,44,24,497,0,0,2,87,0.2,19.0,3.0,DEF,0.18796548492072174,-0.012034515079278274
41,Torres,Aston Villa,2,43,19,507,0,0,1,93,2.8,14.6,3.0,DEF,2.9485763833886183,0.14857638338861845
42,García,Aston Villa,2,39,0,0,0,0,0,0,0.0,0.0,3.0,DEF,-0.010210459355186496,-0.010210459355186496
43,Moreno Lopera,Aston Villa,2,40,0,0,0,0,0,0,0.0,0.0,3.0,DEF,-0.010210459355186496,-0.010210459355186496
44,Bogarde,Aston Villa,2,40,15,282,0,0,1,47,0.0,5.7,3.0,DEF,0.3784755814344488,0.3784755814344488
45,da Cruz Sousa,Aston Villa,2,39,0,0,0,0,0,0,0.0,0.0,3.0,DEF,-0.010210459355186496,-0.010210459355186496
46,Özcan,Aston Villa,2,40,0,0,0,0,0,0,0.0,0.0,3.0,DEF,-0.010210459355186496,-0.010210459355186496
47,Rogers,Aston Villa,3,68,33,891,1,2,3,114,2.8,43.7,3.0,MID,3.146617839107295,0.3466178391072954
48,Tielemans,Aston Villa,3,59,8,315,0,0,1,46,0.0,13.8,3.0,MID,-0.010210459355186496,-0.010210459355186496
49,Bailey,Aston Villa,3,55,0,0,0,0,0,0,0.0,0.0,3.0,MID,-0.010210459355186496,-0.010210459355186496
50,Buendía Stati,Aston Villa,3,53,28,365,2,2,1,88,2.8,31.5,3.0,MID,2.1812909436016916,-0.6187090563983082
51,Iling-Junior,Aston Villa,3,55,0,0,0,0,0,0,0.0,0.0,3.0,MID,-0.010210459355186496,-0.010210459355186496
53,Malen,Aston Villa,3,51,26,323,2,0,0,71,1.0,21.7,3.0,MID,3.7720780400982066,2.7720780400982066
54,McGinn,Aston Villa,3,54,27,767,1,0,4,128,1.5,33.2,3.0,MID,1.7541411754439191,0.2541411754439191
55,Barkley,Aston Villa,3,48,4,61,0,0,0,12,0.8,4.7,3.0,MID,0.7828967834201404,-0.017103216579859692
56,Barrenechea,Aston Villa,3,50,0,0,0,0,0,0,0.0,0.0,3.0,MID,-0.010210459355186496,-0.010210459355186496
57,Dobbin,Aston Villa,3,50,0,0,0,0,0,0,0.0,0.0,3.0,MID,-0.010210459355186496,-0.010210459355186496
58,Kamara,Aston Villa,3,49,21,564,0,2,2,118,1.5,25.2,3.0,MID,2.144979033149254,0.6449790331492542
59,Onana,Aston Villa,3,48,15,415,0,0,2,78,2.0,14.9,3.0,MID,1.7575033893747003,-0.2424966106252997
60,Broggio,Aston Villa,3,45,0,0,0,0,0,0,0.0,0.0,3.0,MID,-0.010210459355186496,-0.010210459355186496
61,Dendoncker,Aston Villa,3,45,0,0,0,0,0,0,0.0,0.0,3.0,MID,-0.010210459355186496,-0.010210459355186496
62,Jimoh-Aloba,Aston Villa,3,45,0,0,0,0,0,0,0.0,0.0,3.0,MID,-0.010210459355186496,-0.010210459355186496
63,Young,Aston Villa,3,44,0,0,0,0,0,0,0.0,0.0,3.0,MID,-0.010210459355186496,-0.010210459355186496
64,Watkins,Aston Villa,4,85,25,786,1,0,4,78,1.2,33.0,3.0,FWD,1.3579237754493336,0.15792377544933367
65,Redmond,Aston Villa,4,45,0,0,0,0,0,0,0.0,0.0,3.0,FWD,-0.010210459355186496,-0.010210459355186496
389,Elliott,Aston Villa,3,54,4,97,0,0,0,13,0.0,4.4,3.0,MID,-0.010210459355186496,-0.010210459355186496
456,Sancho,Aston Villa,3,58,3,68,0,0,0,7,0.5,9.6,3.0,MID,0.3823757495941551,-0.1176242504058449
677,Guessand,Aston Villa,3,63,13,416,0,0,1,40,1.0,13.3,3.0,MID,0.9703136431175485,-0.02968635688245147
688,Wright,Aston Villa,1,40,0,0,0,0,0,0,0.0,0.0,3.0,GK,-0.010210459355186496,-0.010210459355186496
701,Rowe,Aston Villa,2,40,0,0,0,0,0,0,0.0,0.0,3.0,DEF,-0.010210459355186496,-0.010210459355186496
702,Burrowes,Aston Villa,3,45,1,16,0,0,0,3,0.0,0.0,3.0,MID,-0.010210459355186496,-0.010210459355186496
703,Proctor,Aston Villa,1,40,0,0,0,0,0,0,0.0,0.0,3.0,GK,-0.010210459355186496,-0.010210459355186496
710,Patterson,Aston Villa,2,39,0,0,0,0,0,0,0.0,0.0,3.0,DEF,-0.010210459355186496,-0.010210459355186496
719,Lindelöf,Aston Villa,2,45,3,21,0,0,0,9,0.0,0.4,3.0,DEF,0.18931037049303423,0.18931037049303423
183,Weiß,Burnley,1,44,0,0,0,0,0,0,0.0,0.0,3.0,GK,-0.010210459355186496,-0.010210459355186496
184,Green,Burnley,1,40,0,0,0,0,0,0,0.0,0.0,3.0,GK,-0.010210459355186496,-0.010210459355186496
185,Hladký,Burnley,1,40,0,0,0,0,0,0,0.0,0.0,3.0,GK,-0.010210459355186496,-0.010210459355186496
186,Roberts,Burnley,2,44,0,0,0,0,0,0,0.0,0.0,3.0,DEF,-0.010210459355186496,-0.010210459355186496
187,Walker,Burnley,2,44,29,990,0,1,2,83,4.5,25.6,3.0,DEF,3.7354971525313068,-0.7645028474686932
188,Delcroix,Burnley,2,39,0,0,0,0,0,0,0.0,0.0,3.0,DEF,-0.010210459355186496,-0.010210459355186496
189,Dodgson,Burnley,2,40,0,0,0,0,0,0,0.0,0.0,3.0,DEF,-0.010210459355186496,-0.010210459355186496
190,Ekdal,Burnley,2,40,20,533,0,0,1,47,0.2,21.7,3.0,DEF,0.18998281327919053,-0.010017186720809479
191,Estève,Burnley,2,40,28,982,0,0,2,88,3.2,29.6,3.0,DEF,2.7338583465732658,-0.4661416534267344
192,Hartman,Burnley,2,40,36,977,0,4,2,134,3.8,45.4,3.0,DEF,3.7368420381036196,-0.06315796189638023
193,Humphreys,Burnley,2,40,0,2,0,0,0,-5,0.0,0.0,3.0,DEF,-0.010210459355186496,-0.010210459355186496
194,Beyer,Burnley,2,40,0,0,0,0,0,0,0.0,0.0,3.0,DEF,-0.010210459355186496,-0.010210459355186496
195,Pires Silva,Burnley,2,39,1,9,0,0,0,1,0.2,1.9,3.0,DEF,0.18890690482134054,-0.011093095178659473
196,Sambo,Burnley,2,40,0,0,0,0,0,0,0.0,0.0,3.0,DEF,-0.010210459355186496,-0.010210459355186496
197,Sonne,Burnley,2,39,3,102,0,0,0,-2,0.0,3.0,3.0,DEF,-0.010210459355186496,-0.010210459355186496
198,Tuanzebe,Burnley,2,39,16,450,0,0,1,58,3.8,12.0,3.0,DEF,3.134513868956483,-0.665486131043517
199,Worrall,Burnley,2,39,4,19,0,0,0,9,0.0,1.2,3.0,DEF,0.18998281327919053,0.18998281327919053
200,Anthony,Burnley,3,57,49,886,4,1,3,166,2.0,59.2,3.0,MID,1.7447269764377316,-0.25527302356226844
201,Benson Hedilazio,Burnley,3,54,0,0,0,0,0,0,0.0,0.0,3.0,MID,-0.010210459355186496,-0.010210459355186496
202,Bruun Larsen,Burnley,3,53,16,411,0,1,1,47,1.2,17.1,3.0,MID,1.1639169764475943,-0.03608302355240567
203,Agyei,Burnley,3,48,0,0,0,0,0,0,0.0,0.0,3.0,MID,-0.010210459355186496,-0.010210459355186496
204,Churlinov,Burnley,3,49,0,0,0,0,0,0,0.0,0.0,3.0,MID,-0.010210459355186496,-0.010210459355186496
205,Cullen,Burnley,3,50,53,941,2,1,3,222,4.0,50.1,3.0,MID,4.337690833121215,0.33769083312121495
206,Edwards,Burnley,3,47,3,22,0,0,0,8,0.5,2.6,3.0,MID,0.38815875755509865,-0.11184124244490135
207,Mejbri,Burnley,3,48,21,287,0,2,1,75,2.2,12.2,3.0,MID,1.7872253605228061,-0.41277463947719406
208,Koleosho,Burnley,3,50,0,0,0,0,0,0,0.0,0.0,3.0,MID,-0.010210459355186496,-0.010210459355186496
209,Laurent,Burnley,3,49,15,557,0,0,0,74,1.0,12.9,3.0,MID,1.1662032819205255,0.16620328192052547
210,Tchaouna,Burnley,3,49,22,435,1,1,1,76,2.2,13.8,3.0,MID,1.9683212580303455,-0.23167874196965466
211,Ramsey,Burnley,3,44,0,0,0,0,0,0,0.0,0.0,3.0,MID,-0.010210459355186496,-0.010210459355186496
212,Adewumi,Burnley,3,45,0,0,0,0,0,0,0.0,0.0,3.0,MID,-0.010210459355186496,-0.010210459355186496
213,Banel,Burnley,3,45,0,0,0,0,0,0,0.0,0.0,3.0,MID,-0.010210459355186496,-0.010210459355186496
214,Trésor Ndayishimiye,Burnley,3,44,0,0,0,0,0,0,0.0,0.0,3.0,MID,-0.010210459355186496,-0.010210459355186496
215,Flemming,Burnley,4,53,25,343,3,0,1,109,5.2,26.1,3.0,FWD,4.354098437103426,-0.8459015628965743
216,Amdouni,Burnley,4,48,0,0,0,0,0,0,0.0,0.0,3.0,FWD,-0.010210459355186496,-0.010210459355186496
217,Foster,Burnley,4,50,28,578,2,1,2,114,1.8,27.4,3.0,FWD,1.581518057041948,-0.218481942958052
218,Barnes,Burnley,4,43,1,7,0,0,0,3,0.2,0.1,3.0,FWD,0.18917588193580293,-0.010824118064197086
219,Obafemi,Burnley,4,44,0,0,0,0,0,0,0.0,0.0,3.0,FWD,-0.010210459355186496,-0.010210459355186496
470,Dúbravka,Burnley,1,40,35,990,0,0,2,157,3.8,34.6,3.0,GK,3.3348416301480905,-0.4651583698519093
676,Ugochukwu,Burnley,3,50,32,588,2,1,2,113,4.8,24.8,3.0,MID,5.154737039083702,0.3547370390837026
680,Broja,Burnley,4,52,5,75,0,0,0,14,0.5,2.0,3.0,FWD,0.5821655565568381,0.0821655565568381
722,Morris Luís,Burnley,3,50,28,657,0,1,1,123,4.0,26.6,3.0,MID,3.9358249137229158,-0.06417508627708424
66,Murara Neto,Bournemouth,1,45,0,0,0,0,0,0,0.0,0.0,2.6,GK,-0.06265388504974762,-0.06265388504974762
67,Petrović,Bournemouth,1,45,39,900,0,0,4,161,3.0,25.0,2.6,GK,2.8938466522211255,-0.10615334777887453
68,Dennis,Bournemouth,1,40,0,0,0,0,0,0,0.0,0.0,2.6,GK,-0.06265388504974762,-0.06265388504974762
69,McKenna,Bournemouth,1,40,0,0,0,0,0,0,0.0,0.0,2.6,GK,-0.06265388504974762,-0.06265388504974762
70,Paulsen,Bournemouth,1,40,0,0,0,0,0,0,0.0,0.0,2.6,GK,-0.06265388504974762,-0.06265388504974762
71,Zabarnyi,Bournemouth,2,50,0,0,0,0,0,0,0.0,0.0,2.6,DEF,-0.06265388504974762,-0.06265388504974762
72,Senesi Barón,Bournemouth,2,50,56,887,0,2,4,179,2.5,44.5,2.6,DEF,2.294611719890307,-0.2053882801096929
73,Smith,Bournemouth,2,44,8,204,0,0,1,28,0.0,3.6,2.6,DEF,-0.06265388504974762,-0.06265388504974762
74,Truffert,Bournemouth,2,45,45,900,0,1,4,158,3.2,35.8,2.6,DEF,3.4948299357959502,0.29482993579595007
75,Akinmboni,Bournemouth,2,39,0,0,0,0,0,0,0.0,0.0,2.6,DEF,-0.06265388504974762,-0.06265388504974762
76,Bevan,Bournemouth,2,39,0,0,0,0,0,0,0.0,0.0,2.6,DEF,-0.06265388504974762,-0.06265388504974762
77,Hill,Bournemouth,2,40,17,273,0,0,2,61,0.2,9.1,2.6,DEF,1.329553801499166,1.129553801499166
78,Araujo Zúñiga,Bournemouth,2,39,0,0,0,0,0,0,0.0,0.0,2.6,DEF,-0.06265388504974762,-0.06265388504974762
79,Mepham,Bournemouth,2,40,0,0,0,0,0,0,0.0,0.0,2.6,DEF,-0.06265388504974762,-0.06265388504974762
80,Soler Barreto,Bournemouth,2,40,1,1,0,0,0,2,0.0,0.0,2.6,DEF,-0.06265388504974762,-0.06265388504974762
81,Kluivert,Bournemouth,3,70,16,330,1,0,1,52,1.0,20.9,2.6,MID,2.114053776611693,1.114053776611693
82,Semenyo,Bournemouth,3,81,75,900,6,4,4,217,2.2,77.2,2.6,MID,5.297779786520424,3.097779786520424
84,Tavernier,Bournemouth,3,55,45,766,2,1,5,136,4.5,48.3,2.6,MID,4.099847876087713,-0.40015212391228694
85,Adams,Bournemouth,3,50,35,863,1,1,4,177,4.2,34.5,2.6,MID,3.6983854223611083,-0.5016145776388918
86,Brooks,Bournemouth,3,50,20,536,0,1,3,91,0.5,32.9,2.6,MID,0.7163320592162981,0.21633205921629806
87,Christie,Bournemouth,3,50,15,199,1,1,0,53,1.8,15.0,2.6,MID,1.5316299139347809,-0.26837008606521917
88,Cook,Bournemouth,3,49,4,34,0,0,0,21,0.8,2.6,2.6,MID,0.5342947418081394,-0.26570525819186064
89,Billing,Bournemouth,3,49,0,0,0,0,0,0,0.0,0.0,2.6,MID,-0.06265388504974762,-0.06265388504974762
90,Scott,Bournemouth,3,50,34,665,1,1,4,147,2.5,27.4,2.6,MID,2.7006467845627733,0.2006467845627733
91,Sinisterra Lucumí,Bournemouth,3,50,0,0,0,0,0,0,0.0,0.0,2.6,MID,-0.06265388504974762,-0.06265388504974762
92,Faivre,Bournemouth,3,45,0,0,0,0,0,0,0.0,0.0,2.6,MID,-0.06265388504974762,-0.06265388504974762
93,Traorè,Bournemouth,3,45,4,16,0,1,0,12,0.0,3.1,2.6,MID,-0.06265388504974762,-0.06265388504974762
94,Sadi,Bournemouth,3,45,0,0,0,0,0,0,0.0,0.0,2.6,MID,-0.06265388504974762,-0.06265388504974762
95,Silcott-Duberry,Bournemouth,3,44,0,0,0,0,0,0,0.0,0.0,2.6,MID,-0.06265388504974762,-0.06265388504974762
96,Winterburn,Bournemouth,3,45,1,6,0,0,0,3,0.0,0.0,2.6,MID,-0.06265388504974762,-0.06265388504974762
97,de Lima Barbosa,Bournemouth,4,70,23,645,1,1,3,90,0.2,33.8,2.6,FWD,0.5224597487717897,0.3224597487717897
98,Ünal,Bournemouth,4,54,1,1,0,0,0,3,0.2,0.0,2.6,FWD,0.13753938758462936,-0.06246061241537065
99,Adu-Adjei,Bournemouth,4,44,0,0,0,0,0,0,0.0,0.0,2.6,FWD,-0.06265388504974762,-0.06265388504974762
100,Kroupi,Bournemouth,4,46,29,224,4,0,1,131,5.0,30.7,2.6,FWD,3.9166001616644732,-1.0833998383355268
391,Gannon-Doak,Bournemouth,3,49,7,53,0,1,0,22,0.5,4.7,2.6,MID,1.1344710940395766,0.6344710940395766
685,Diakité,Bournemouth,2,45,30,720,0,0,3,109,1.0,21.3,2.6,DEF,1.1030007716474644,0.10300077164746435
687,Rees-Dottin,Bournemouth,3,44,0,0,0,0,0,0,0.0,0.0,2.6,MID,-0.06265388504974762,-0.06265388504974762
697,Adli,Bournemouth,3,54,7,183,0,0,0,36,0.5,13.7,2.6,MID,0.3331600492731439,-0.1668399507268561
713,Jiménez Sánchez,Bournemouth,2,45,9,374,0,0,1,50,2.0,10.6,2.6,DEF,1.7061358721379891,-0.2938641278620109
721,Milosavljevic,Bournemouth,2,45,11,185,0,0,1,42,1.5,5.5,2.6,DEF,1.326864030354541,-0.17313596964545908
27,Nelson,Brentford,3,48,1,15,0,0,0,7,0.2,1.5,3.2,MID,0.21432168632523363,0.014321686325233618
83,Ouattara,Brentford,3,60,35,550,2,1,2,87,4.0,39.7,3.2,MID,3.18615391912047,-0.81384608087953
101,Kelleher,Brentford,1,45,30,900,0,0,2,125,2.2,21.9,3.2,GK,2.3715285071881427,0.1715285071881425
102,Balcombe,Brentford,1,40,0,0,0,0,0,0,0.0,0.0,3.2,GK,0.016011253492094146,0.016011253492094146
103,Cox,Brentford,1,40,0,0,0,0,0,0,0.0,0.0,3.2,GK,0.016011253492094146,0.016011253492094146
104,Eyestone,Brentford,1,40,0,0,0,0,0,0,0.0,0.0,3.2,GK,0.016011253492094146,0.016011253492094146
105,Valdimarsson,Brentford,1,39,0,0,0,0,0,0,0.0,0.0,3.2,GK,0.016011253492094146,0.016011253492094146
106,Collins,Brentford,2,49,30,900,0,0,2,90,3.0,35.1,3.2,DEF,2.772184029571359,-0.2278159704286411
107,Lewis-Potter,Brentford,2,49,21,446,0,1,2,61,1.2,16.2,3.2,DEF,1.0111946087030352,-0.18880539129696472
108,Ajer,Brentford,2,44,19,388,0,2,1,67,2.8,19.0,3.2,DEF,2.5718562683797512,-0.2281437316202486
109,Henry,Brentford,2,43,5,169,0,0,0,7,0.2,3.9,3.2,DEF,0.21620452612647112,0.016204526126471108
110,Kayode,Brentford,2,45,30,862,0,0,2,121,2.8,37.6,3.2,DEF,2.575083993753301,-0.2249160062466986
111,Pinnock,Brentford,2,43,0,155,0,0,0,1,0.0,4.3,3.2,DEF,0.016011253492094146,0.016011253492094146
112,Roerslev Rasmussen,Brentford,2,45,0,0,0,0,0,0,0.0,0.0,3.2,DEF,0.016011253492094146,0.016011253492094146
113,van den Berg,Brentford,2,45,32,900,0,0,2,106,3.0,32.0,3.2,DEF,2.772184029571359,-0.2278159704286411
114,Arthur,Brentford,2,39,0,0,0,0,0,0,0.0,0.0,3.2,DEF,0.016011253492094146,0.016011253492094146
115,Fredrick,Brentford,2,40,0,0,0,0,0,0,0.0,0.0,3.2,DEF,0.016011253492094146,0.016011253492094146
116,Hickey,Brentford,2,40,6,184,0,0,0,16,0.0,1.7,3.2,DEF,0.4045628057244982,0.4045628057244982
117,Ji-soo,Brentford,2,39,0,0,0,0,0,0,0.0,0.0,3.2,DEF,0.016011253492094146,0.016011253492094146
118,Meghoma,Brentford,2,40,0,0,0,0,0,0,0.0,0.0,3.2,DEF,0.016011253492094146,0.016011253492094146
120,Schade,Brentford,3,70,32,830,2,2,2,109,3.5,50.0,3.2,MID,2.9741256534497427,-0.5258743465502573
121,Damsgaard,Brentford,3,58,31,632,1,1,2,131,3.0,43.9,3.2,MID,2.7821361828064717,-0.21786381719352832
122,Milambo,Brentford,3,53,1,45,0,0,0,5,0.0,0.6,3.2,MID,0.016011253492094146,0.016011253492094146
123,Freitas Gouveia Carvalho,Brentford,3,49,13,100,1,0,0,42,0.2,8.1,3.2,MID,0.41599433308915434,0.21599433308915433
124,Henderson,Brentford,3,50,27,739,0,2,3,132,1.2,26.3,3.2,MID,1.1726551768548126,-0.02734482314518738
125,Janelt,Brentford,3,49,9,139,0,0,0,27,1.5,7.2,3.2,MID,1.4029738863089891,-0.09702611369101088
126,Jensen,Brentford,3,49,20,208,2,0,0,87,2.0,18.9,3.2,MID,1.8114297450116181,-0.18857025498838187
127,Nunes Fernandes Gomes,Brentford,3,49,0,0,0,0,0,0,0.0,0.0,3.2,MID,0.016011253492094146,0.016011253492094146
128,Onyeka,Brentford,3,49,12,88,0,2,0,41,0.2,4.6,3.2,MID,0.41424598184514805,0.21424598184514804
129,Yarmoliuk,Brentford,3,50,29,785,0,1,2,122,1.5,25.0,3.2,MID,1.584069783816529,0.08406978381652896
130,Donovan,Brentford,3,45,0,0,0,0,0,0,0.0,0.0,3.2,MID,0.016011253492094146,0.016011253492094146
131,Konak,Brentford,3,44,0,0,0,0,0,0,0.0,0.0,3.2,MID,0.016011253492094146,0.016011253492094146
132,Maghoma,Brentford,3,45,0,0,0,0,0,0,0.0,0.0,3.2,MID,0.016011253492094146,0.016011253492094146
133,Peart-Harris,Brentford,3,44,0,0,0,0,0,0,0.0,0.0,3.2,MID,0.016011253492094146,0.016011253492094146
134,Trevitt,Brentford,3,45,0,0,0,0,0,0,0.0,0.0,3.2,MID,0.016011253492094146,0.016011253492094146
136,Nascimento Rodrigues,Brentford,4,62,47,831,6,0,2,187,3.8,66.6,3.2,FWD,3.3762605499625025,-0.42373945003749736
137,Morgan,Brentford,4,44,0,0,0,0,0,0,0.0,0.0,3.2,FWD,0.016011253492094146,0.016011253492094146
748,Dasilva,Brentford,3,50,0,0,0,0,0,0,0.0,0.0,3.2,MID,0.016011253492094146,0.016011253492094146
138,Steele,Brighton,1,43,0,0,0,0,0,0,0.0,0.0,2.8,GK,-0.036432172202467084,-0.036432172202467084
139,Verbruggen,Brighton,1,44,20,900,0,0,1,118,2.2,21.1,2.8,GK,1.9184295591103653,-0.2815704408896349
140,McGill,Brighton,1,40,0,0,0,0,0,0,0.0,0.0,2.8,GK,-0.036432172202467084,-0.036432172202467084
141,Rushworth,Brighton,1,40,0,0,0,0,0,0,0.0,0.0,2.8,GK,-0.036432172202467084,-0.036432172202467084
142,Scherpen,Brighton,1,40,0,0,0,0,0,0,0.0,0.0,2.8,GK,-0.036432172202467084,-0.036432172202467084
143,Boscagli,Brighton,2,43,0,0,0,0,0,0,0.0,0.0,2.8,DEF,-0.036432172202467084,-0.036432172202467084
144,Coppola,Brighton,2,43,3,17,0,0,0,6,0.2,0.8,2.8,DEF,0.16376110043190995,-0.036238899568090066
145,De Cuyper,Brighton,2,43,15,406,1,0,0,61,0.2,24.3,2.8,DEF,0.34647086062622456,0.14647086062622455
146,Dunk,Brighton,2,45,23,900,0,1,1,114,2.0,22.1,2.8,DEF,1.7181017979187572,-0.28189820208124283
147,Estupiñán Tenorio,Brighton,2,45,0,0,0,0,0,0,0.0,0.0,2.8,DEF,-0.036432172202467084,-0.036432172202467084
148,Kadıoğlu,Brighton,2,44,16,644,0,0,1,70,1.8,22.0,2.8,DEF,1.7181017979187572,-0.08189820208124288
150,Lamptey,Brighton,2,44,0,0,0,0,0,0,0.0,0.0,2.8,DEF,-0.036432172202467084,-0.036432172202467084
151,van Hecke,Brighton,2,44,35,900,1,0,1,127,3.2,42.5,2.8,DEF,4.72301821579288,1.52301821579288
152,Veltman,Brighton,2,43,7,324,0,0,0,28,0.0,9.5,2.8,DEF,-0.036432172202467084,-0.036432172202467084
153,Webster,Brighton,2,44,0,0,0,0,0,0,0.0,0.0,2.8,DEF,-0.036432172202467084,-0.036432172202467084
154,Cashin,Brighton,2,40,0,0,0,0,0,0,0.0,0.0,2.8,DEF,-0.036432172202467084,-0.036432172202467084
155,Slater,Brighton,2,40,0,0,0,0,0,0,0.0,0.0,2.8,DEF,-0.036432172202467084,-0.036432172202467084
156,Tasker,Brighton,2,39,0,0,0,0,0,0,0.0,0.0,2.8,DEF,-0.036432172202467084,-0.036432172202467084
157,Kaoru,Brighton,3,62,20,508,1,1,1,64,0.0,26.9,2.8,MID,-0.036432172202467084,-0.036432172202467084
158,Rutter,Brighton,3,57,28,604,0,3,3,87,3.0,30.3,2.8,MID,2.5297684615919964,-0.4702315384080036
159,March,Brighton,3,58,0,0,0,0,0,0,0.0,0.0,2.8,MID,-0.036432172202467084,-0.036432172202467084
160,Minteh,Brighton,3,60,47,859,1,5,2,191,4.0,64.5,2.8,MID,3.5215896028721563,-0.4784103971278437
161,Enciso Espínola,Brighton,3,54,0,0,0,0,0,0,0.0,0.0,2.8,MID,-0.036432172202467084,-0.036432172202467084
162,Gruda,Brighton,3,54,19,218,1,1,0,56,0.0,22.4,2.8,MID,0.3549436397317932,0.3549436397317932
163,Hinshelwood,Brighton,3,51,4,107,0,0,0,22,0.0,1.2,2.8,MID,-0.036432172202467084,-0.036432172202467084
164,O'Riley,Brighton,3,55,12,177,1,0,1,36,0.0,19.0,2.8,MID,-0.036432172202467084,-0.036432172202467084
165,Sima,Brighton,3,54,0,0,0,0,0,0,0.0,0.0,2.8,MID,-0.036432172202467084,-0.036432172202467084
166,Ayari,Brighton,3,49,26,781,1,0,1,151,1.5,36.1,2.8,MID,1.5219431820013178,0.02194318200131784
167,Baleba,Brighton,3,47,14,570,0,0,3,68,1.5,8.3,2.8,MID,1.1301639043953635,-0.3698360956046365
169,Gómez Amarilla,Brighton,3,49,25,454,2,0,1,109,4.5,32.6,2.8,MID,3.940401080481591,-0.5595989195184088
170,Milner,Brighton,3,50,15,187,1,1,0,66,1.2,16.8,2.8,MID,1.1570616158416134,-0.04293838415838658
171,Sarmiento Morante,Brighton,3,49,0,0,0,0,0,0,0.0,0.0,2.8,MID,-0.036432172202467084,-0.036432172202467084
172,Watson,Brighton,3,49,2,40,0,0,0,9,0.5,1.4,2.8,MID,0.3588438078914994,-0.1411561921085006
173,Wieffer,Brighton,3,49,33,549,0,3,1,138,5.2,29.2,2.8,MID,4.325724907340446,-0.8742750926595546
174,Yalcouyé,Brighton,3,50,0,0,0,0,0,0,0.0,0.0,2.8,MID,-0.036432172202467084,-0.036432172202467084
175,Knight,Brighton,3,45,1,1,0,0,0,3,0.2,0.0,2.8,MID,0.16376110043190995,-0.036238899568090066
176,Mazilu,Brighton,3,45,0,0,0,0,0,0,0.0,0.0,2.8,MID,-0.036432172202467084,-0.036432172202467084
177,Moran,Brighton,3,45,0,0,0,0,0,0,0.0,0.0,2.8,MID,-0.036432172202467084,-0.036432172202467084
178,Welbeck,Brighton,4,65,43,625,6,0,1,191,6.2,51.5,2.8,FWD,5.125018623748408,-1.0749813762515918
179,Ferguson,Brighton,4,55,0,0,0,0,0,0,0.0,0.0,2.8,FWD,-0.036432172202467084,-0.036432172202467084
180,Tzimas,Brighton,4,53,9,79,0,1,0,26,0.8,11.3,2.8,FWD,1.3590032397199963,0.5590032397199962
181,Kostoulas,Brighton,4,48,7,14,1,0,0,35,1.8,7.6,2.8,FWD,1.3639793163375526,-0.4360206836624474
744,Oriola,Brighton,3,45,1,1,0,0,0,3,0.2,0.0,2.8,MID,0.21380941859050417,0.013809418590504163
168,Buonanotte,Chelsea,3,47,1,45,0,0,0,4,0.0,3.9,3.0,MID,-0.010210459355186496,-0.010210459355186496
220,Lynch Sánchez,Chelsea,1,48,37,904,0,0,5,143,4.5,17.7,3.0,GK,3.9358249137229158,-0.5641750862770842
221,Jörgensen,Chelsea,1,44,1,84,0,0,0,4,0.0,0.9,3.0,GK,-0.010210459355186496,-0.010210459355186496
222,Penders,Chelsea,1,40,0,0,0,0,0,0,0.0,0.0,3.0,GK,-0.010210459355186496,-0.010210459355186496
223,Słonina,Chelsea,1,39,0,0,0,0,0,0,0.0,0.0,3.0,GK,-0.010210459355186496,-0.010210459355186496
224,Cucurella Saseta,Chelsea,2,61,49,896,0,2,5,224,5.5,48.8,3.0,DEF,5.73877476444739,0.2387747644473901
225,James,Chelsea,2,55,46,706,1,3,3,190,6.8,47.4,3.0,DEF,6.149785905737412,-0.650214094262588
226,Chalobah,Chelsea,2,51,55,840,2,1,5,207,5.0,39.1,3.0,DEF,3.9479288838737276,-1.0520711161262724
227,Samuels Colwill,Chelsea,2,48,0,0,0,0,0,0,0.0,0.0,3.0,DEF,-0.010210459355186496,-0.010210459355186496
228,Gusto,Chelsea,2,49,39,549,1,1,4,139,6.0,27.4,3.0,DEF,5.755316856986834,-0.24468314301316596
229,Badiashile Mukinayi,Chelsea,2,44,0,65,0,0,0,3,0.0,1.8,3.0,DEF,0.18285491974593426,0.18285491974593426
230,Fofana,Chelsea,2,44,15,307,0,0,2,72,3.0,6.9,3.0,DEF,2.3697837117569494,-0.6302162882430506
231,Sarr,Chelsea,2,45,0,0,0,0,0,0,0.0,0.0,3.0,DEF,-0.010210459355186496,-0.010210459355186496
232,Adarabioyo,Chelsea,2,43,14,377,0,0,1,60,0.8,12.2,3.0,DEF,0.5875450988460881,-0.21245490115391197
233,Acheampong,Chelsea,2,39,27,348,1,0,2,90,4.0,15.8,3.0,DEF,3.565832782388424,-0.43416721761157584
234,Anselmino,Chelsea,2,40,0,0,0,0,0,0,0.0,0.0,3.0,DEF,-0.010210459355186496,-0.010210459355186496
235,Palmer,Chelsea,3,103,11,144,1,0,1,36,0.0,12.9,3.0,MID,-0.010210459355186496,-0.010210459355186496
236,Lomba Neto,Chelsea,3,71,51,829,3,2,5,206,7.8,65.8,3.0,MID,6.547482679861542,-1.252517320138458
237,Fernández,Chelsea,3,67,48,880,3,2,4,199,1.8,77.4,3.0,MID,1.745399419223888,-0.05460058077611207
238,Almeida de Oliveira Gonçalves,Chelsea,3,65,29,337,1,3,2,98,2.2,38.1,3.0,MID,3.3832575107513403,1.1832575107513401
239,Bynoe-Gittens,Chelsea,3,61,9,248,0,0,0,28,1.0,16.2,3.0,MID,0.9773070480935733,-0.022692951906426728
240,Nkunku,Chelsea,3,59,0,0,0,0,0,0,0.0,0.0,3.0,MID,-0.010210459355186496,-0.010210459355186496
241,Caicedo Corozo,Chelsea,3,60,60,945,3,1,4,253,3.8,49.7,3.0,MID,4.943515704756363,1.1435157047563633
243,George,Chelsea,3,49,4,142,0,0,1,2,0.2,7.1,3.0,MID,0.18944485905026553,-0.010555140949734476
244,Lavia,Chelsea,3,49,4,105,0,0,0,22,0.5,1.8,3.0,MID,0.5781308998399006,0.07813089983990062
245,Mudryk,Chelsea,3,50,0,0,0,0,0,0,0.0,0.0,3.0,MID,-0.010210459355186496,-0.010210459355186496
246,Nascimento dos Santos,Chelsea,3,45,7,227,0,0,0,30,0.5,11.3,3.0,MID,0.3827792152658488,-0.1172207847341512
247,Luís Essugo,Chelsea,3,43,0,0,0,0,0,0,0.0,0.0,3.0,MID,-0.010210459355186496,-0.010210459355186496
248,Páez Andrade,Chelsea,3,45,0,0,0,0,0,0,0.0,0.0,3.0,MID,-0.010210459355186496,-0.010210459355186496
249,Junqueira de Jesus,Chelsea,4,74,59,929,4,3,5,248,5.0,76.5,3.0,FWD,4.340649581380301,-0.6593504186196988
250,Delap,Chelsea,4,62,6,154,0,0,1,21,0.5,7.0,3.0,FWD,0.3819722839224613,-0.1180277160775387
251,Jackson,Chelsea,4,65,0,0,0,0,0,0,0.0,0.0,3.0,FWD,-0.010210459355186496,-0.010210459355186496
252,Guiu Paz,Chelsea,4,42,7,162,0,0,0,-1,1.0,4.9,3.0,FWD,0.9713895515753985,-0.028610448424601476
453,Garnacho Ferreyra,Chelsea,3,64,24,342,1,2,2,98,5.2,33.4,3.0,MID,4.552812335608259,-0.6471876643917414
672,Hato,Chelsea,2,47,3,166,0,0,0,5,0.0,3.2,3.0,DEF,0.18715855357733424,0.18715855357733424
743,Emenalo,Chelsea,3,45,0,0,0,0,0,0,0.0,0.0,3.0,MID,-0.010210459355186496,-0.010210459355186496
253,Henderson,Crystal Palace,1,50,36,900,0,0,4,161,2.2,19.8,2.6,GK,2.092535607454693,-0.10746439254530715
254,Benítez,Crystal Palace,1,40,0,0,0,0,0,0,0.0,0.0,2.6,GK,-0.06265388504974762,-0.06265388504974762
255,Matthews,Crystal Palace,1,40,0,0,0,0,0,0,0.0,0.0,2.6,GK,-0.06265388504974762,-0.06265388504974762
256,Muñoz Mejía,Crystal Palace,2,57,54,900,1,3,4,186,4.5,49.6,2.6,DEF,5.097452025328817,0.5974520253288169
257,Lacroix,Crystal Palace,2,50,50,900,0,1,4,182,3.2,30.8,2.6,DEF,3.094174413412734,-0.10582558658726615
258,Mitchell,Crystal Palace,2,50,44,900,1,0,4,174,2.2,43.7,2.6,DEF,1.892207846263085,-0.30779215373691526
259,Sosa,Crystal Palace,2,48,1,1,0,0,0,3,0.2,0.0,2.6,DEF,0.13753938758462936,-0.06246061241537065
260,Guéhi,Crystal Palace,2,51,64,900,1,3,4,214,4.5,43.5,2.6,DEF,4.0958132193707755,-0.40418678062922453
261,Richards,Crystal Palace,2,45,44,900,0,0,4,168,2.8,32.3,2.6,DEF,2.693518891029517,-0.10648110897048291
262,Riad Dnanou,Crystal Palace,2,40,0,0,0,0,0,0,0.0,0.0,2.6,DEF,-0.06265388504974762,-0.06265388504974762
263,Clyne,Crystal Palace,2,39,1,4,0,0,0,5,0.0,0.4,2.6,DEF,-0.06265388504974762,-0.06265388504974762
264,Holding,Crystal Palace,2,40,0,0,0,0,0,0,0.0,0.0,2.6,DEF,-0.06265388504974762,-0.06265388504974762
265,Kporha,Crystal Palace,2,40,0,0,0,0,0,0,0.0,0.0,2.6,DEF,-0.06265388504974762,-0.06265388504974762
267,Sarr,Crystal Palace,3,67,43,702,3,1,4,131,1.8,41.4,2.6,MID,2.6937878681439797,0.8937878681439797
268,Doucouré,Crystal Palace,3,49,0,0,0,0,0,0,0.0,0.0,2.6,MID,-0.06265388504974762,-0.06265388504974762
269,Esse,Crystal Palace,3,47,1,24,0,0,0,6,0.0,0.7,2.6,MID,-0.06265388504974762,-0.06265388504974762
270,Hughes,Crystal Palace,3,48,13,439,0,0,3,51,0.5,18.2,2.6,MID,0.3342359577309939,-0.1657640422690061
271,Kamada,Crystal Palace,3,50,29,676,0,2,3,126,2.2,23.6,2.6,MID,2.498436183569928,0.29843618356992785
272,Lerma Solís,Crystal Palace,3,49,19,270,0,2,2,58,2.8,14.0,2.6,MID,2.327964882083657,-0.4720351179163429
273,Wharton,Crystal Palace,3,50,23,631,0,1,2,128,1.0,31.9,2.6,MID,1.3033285328390725,0.30332853283907246
274,Agbinone,Crystal Palace,3,44,0,0,0,0,0,0,0.0,0.0,2.6,MID,-0.06265388504974762,-0.06265388504974762
275,Ahamada,Crystal Palace,3,44,0,0,0,0,0,0,0.0,0.0,2.6,MID,-0.06265388504974762,-0.06265388504974762
276,Devenny,Crystal Palace,3,43,9,157,0,0,0,33,0.2,12.1,2.6,MID,0.3361187975322313,0.13611879753223127
277,Ebiowei,Crystal Palace,3,45,0,0,0,0,0,0,0.0,0.0,2.6,MID,-0.06265388504974762,-0.06265388504974762
278,Rak-Sakyi,Crystal Palace,3,44,0,0,0,0,0,0,0.0,0.0,2.6,MID,-0.06265388504974762,-0.06265388504974762
279,França de Oliveira,Crystal Palace,3,45,0,0,0,0,0,0,0.0,0.0,2.6,MID,-0.06265388504974762,-0.06265388504974762
280,Ozoh,Crystal Palace,3,45,0,0,0,0,0,0,0.0,0.0,2.6,MID,-0.06265388504974762,-0.06265388504974762
281,Rodney,Crystal Palace,3,45,0,0,0,0,0,0,0.0,0.0,2.6,MID,-0.06265388504974762,-0.06265388504974762
282,Umeh-Chibueze,Crystal Palace,3,45,0,0,0,0,0,0,0.0,0.0,2.6,MID,-0.06265388504974762,-0.06265388504974762
283,Mateta,Crystal Palace,4,80,48,869,6,0,5,182,7.0,70.5,2.6,FWD,5.901721818354336,-1.0982781816456644
284,Nketiah,Crystal Palace,4,54,8,107,1,0,0,39,0.5,14.8,2.6,FWD,0.5279737796182709,0.027973779618270855
285,Édouard,Crystal Palace,4,50,1,2,0,0,0,6,0.0,0.2,2.6,FWD,-0.06265388504974762,-0.06265388504974762
286,Marsh,Crystal Palace,4,45,0,0,0,0,0,0,0.0,0.0,2.6,FWD,-0.06265388504974762,-0.06265388504974762
690,Cardines,Crystal Palace,3,44,0,0,0,0,0,0,0.0,0.0,2.6,MID,-0.06265388504974762,-0.06265388504974762
712,Pino Santos,Crystal Palace,3,58,14,505,0,0,3,56,1.2,22.6,2.6,MID,1.1009834432889956,-0.0990165567110044
723,Canvot,Crystal Palace,2,45,1,1,0,0,0,3,0.2,0.1,2.6,DEF,0.13753938758462936,-0.06246061241537065
732,Uche,Crystal Palace,4,55,3,8,0,0,0,12,0.2,2.3,2.6,FWD,0.3377326602190063,0.13773266021900626
242,Dewsbury-Hall,Everton,3,49,35,885,1,2,3,165,3.8,50.2,2.8,MID,2.922085693426875,-0.8779143065731247
287,Pickford,Everton,1,55,42,990,0,0,3,171,3.0,28.2,2.8,GK,2.907964394917594,-0.09203560508240605
288,Travers,Everton,1,44,0,0,0,0,0,0,0.0,0.0,2.8,GK,-0.036432172202467084,-0.036432172202467084
289,Tyrer,Everton,1,39,0,0,0,0,0,0,0.0,0.0,2.8,GK,-0.036432172202467084,-0.036432172202467084
290,Branthwaite,Everton,2,53,0,0,0,0,0,0,0.0,0.0,2.8,DEF,-0.036432172202467084,-0.036432172202467084
291,Tarkowski,Everton,2,54,43,990,0,0,3,157,2.8,40.6,2.8,DEF,3.1082921561092025,0.3082921561092027
292,Mykolenko,Everton,2,49,17,715,0,0,1,55,2.5,21.0,2.8,DEF,2.7076366337259854,0.2076366337259854
293,O'Brien,Everton,2,49,28,868,0,0,2,92,1.2,26.5,2.8,DEF,1.9227331929417653,0.7227331929417653
294,Coleman,Everton,2,43,2,2,0,0,0,7,0.0,0.0,2.8,DEF,0.16376110043190995,0.16376110043190995
295,Keane,Everton,2,45,56,964,2,0,3,155,5.2,41.8,2.8,DEF,4.914738709321689,-0.28526129067831096
296,Patterson,Everton,2,44,0,0,0,0,0,0,0.0,0.0,2.8,DEF,-0.036432172202467084,-0.036432172202467084
297,Dixon,Everton,2,39,0,0,0,0,0,0,0.0,0.0,2.8,DEF,-0.036432172202467084,-0.036432172202467084
298,Welch,Everton,2,39,0,0,0,0,0,0,0.0,0.0,2.8,DEF,-0.036432172202467084,-0.036432172202467084
299,Ndiaye,Everton,3,65,55,914,4,1,3,223,4.5,67.5,2.8,MID,4.915814617779539,0.41581461777953876
300,McNeil,Everton,3,56,3,51,0,0,0,7,0.5,2.0,2.8,MID,0.3599197163493494,-0.14008028365065062
301,Alcaraz Durán,Everton,3,52,8,242,0,0,0,36,0.8,9.8,2.8,MID,0.7480678029100596,-0.05193219708994046
302,Gueye,Everton,3,54,42,949,2,0,3,203,4.5,39.2,2.8,MID,3.9130999033636473,-0.5869000966363527
303,Garner,Everton,3,50,42,990,1,1,3,225,2.2,53.1,2.8,MID,1.906325588959553,-0.2936744110404472
304,Iroegbunam,Everton,3,49,18,337,0,2,4,61,1.8,10.1,2.8,MID,2.151303551151936,0.351303551151936
305,Armstrong,Everton,3,45,1,1,0,0,0,3,0.0,0.0,2.8,MID,-0.036432172202467084,-0.036432172202467084
306,Bates,Everton,3,44,0,0,0,0,0,0,0.0,0.0,2.8,MID,-0.036432172202467084,-0.036432172202467084
307,Ebere,Everton,3,44,0,0,0,0,0,0,0.0,0.0,2.8,MID,-0.036432172202467084,-0.036432172202467084
308,Heath,Everton,3,45,0,0,0,0,0,0,0.0,0.0,2.8,MID,-0.036432172202467084,-0.036432172202467084
309,Metcalfe,Everton,3,45,0,0,0,0,0,0,0.0,0.0,2.8,MID,-0.036432172202467084,-0.036432172202467084
310,Barry,Everton,4,57,12,380,0,0,2,7,1.0,9.3,2.8,FWD,0.9358881282791618,-0.06411187172083821
311,Gomes Betuncal,Everton,4,52,21,606,1,0,1,48,1.5,33.3,2.8,FWD,1.3351987650900656,-0.16480123490993437
312,Ramalho Chermiti,Everton,4,49,0,0,0,0,0,0,0.0,0.0,2.8,FWD,-0.036432172202467084,-0.036432172202467084
313,Sherif,Everton,4,44,0,0,0,0,0,0,0.0,0.0,2.8,FWD,-0.036432172202467084,-0.036432172202467084
419,Grealish,Everton,3,68,43,826,1,4,3,218,1.5,80.7,2.8,MID,3.120396126260015,1.6203961262600148
630,King,Everton,1,39,0,0,0,0,0,0,0.0,0.0,2.8,GK,-0.036432172202467084,-0.036432172202467084
667,Aznou,Everton,2,43,0,0,0,0,0,0,0.0,0.0,2.8,DEF,-0.036432172202467084,-0.036432172202467084
704,Onyango,Everton,3,45,0,0,0,0,0,0,0.0,0.0,2.8,MID,-0.036432172202467084,-0.036432172202467084
705,Campbell,Everton,2,39,0,0,0,0,0,0,0.0,0.0,2.8,DEF,-0.036432172202467084,-0.036432172202467084
707,Dibling,Everton,3,54,3,62,0,0,0,7,0.0,0.5,2.8,MID,0.15730564968480998,0.15730564968480998
728,Röhl,Everton,3,50,4,91,0,0,0,10,0.8,3.2,2.8,MID,0.5555403780378638,-0.24445962196213622
314,Leno,Fulham,1,50,34,990,0,0,2,149,3.5,26.5,3.0,GK,3.134513868956483,-0.3654861310435171
315,Benda,Fulham,1,40,0,0,0,0,0,0,0.0,0.0,3.0,GK,-0.010210459355186496,-0.010210459355186496
316,Robinson,Fulham,2,49,3,61,0,0,0,12,0.0,4.1,3.0,DEF,-0.010210459355186496,-0.010210459355186496
317,Andersen,Fulham,2,45,39,851,0,0,2,140,2.5,31.1,3.0,DEF,2.5522244948368016,0.05222449483680158
318,Bassey,Fulham,2,45,28,908,0,0,2,103,2.5,20.9,3.0,DEF,2.143903124691404,-0.3560968753085958
319,Castagne,Fulham,2,44,10,397,0,0,0,32,0.8,15.8,3.0,DEF,0.7667581565523904,-0.03324184344760961
320,Diop,Fulham,2,44,4,223,0,0,0,9,0.5,4.0,3.0,DEF,0.7611096371486781,0.2611096371486781
321,Cuenca Barreno,Fulham,2,44,7,168,0,0,0,25,1.0,5.1,3.0,DEF,0.7802070122755151,-0.21979298772448486
322,Tete,Fulham,2,45,26,720,0,0,2,127,2.8,26.3,3.0,DEF,2.157083003300067,-0.6429169966999329
323,Amissah,Fulham,2,39,0,0,0,0,0,0,0.0,0.0,3.0,DEF,-0.010210459355186496,-0.010210459355186496
324,Iwobi,Fulham,3,65,40,899,1,2,2,175,2.5,57.5,3.0,MID,2.3341442440906683,-0.16585575590933166
325,Smith Rowe,Fulham,3,56,16,216,1,0,0,53,1.0,18.0,3.0,MID,0.9785174451086545,-0.02148255489134554
326,Traoré Diarra,Fulham,3,52,11,242,0,0,0,41,1.2,12.9,3.0,MID,1.1779037863996438,-0.022096213600356185
327,Hoelgebaum Pereira,Fulham,3,53,0,0,0,0,0,0,0.0,0.0,3.0,MID,-0.010210459355186496,-0.010210459355186496
328,Sessegnon,Fulham,3,54,47,836,2,2,2,168,6.0,39.0,3.0,MID,6.5400858092138225,0.5400858092138225
329,Wilson,Fulham,3,52,34,652,2,1,2,132,3.2,39.5,3.0,MID,3.157242435128564,-0.04275756487143623
330,Berge,Fulham,3,49,27,958,0,1,2,148,2.8,26.1,3.0,MID,2.533530585381658,-0.2664694146183417
331,Cairney,Fulham,3,49,8,196,0,0,0,31,1.0,7.3,3.0,MID,1.1699689615230002,0.16996896152300023
332,Lukić,Fulham,3,50,27,677,1,2,1,125,2.2,41.5,3.0,MID,1.9739697774340583,-0.22603022256594185
333,Godo,Fulham,3,45,0,0,0,0,0,0,0.0,0.0,3.0,MID,-0.010210459355186496,-0.010210459355186496
334,Harris,Fulham,3,45,0,0,0,0,0,0,0.0,0.0,3.0,MID,-0.010210459355186496,-0.010210459355186496
335,King,Fulham,3,45,19,659,0,0,2,80,1.8,27.8,3.0,MID,1.9583691047952332,0.15836910479523314
336,Reed,Fulham,3,44,0,0,0,0,0,0,0.0,0.0,3.0,MID,-0.010210459355186496,-0.010210459355186496
337,Jiménez Rodríguez,Fulham,4,62,25,449,1,2,1,84,3.2,27.7,3.0,FWD,2.5526279605084956,-0.6473720394915046
338,Muniz Carvalho,Fulham,4,54,17,348,1,1,1,47,0.5,22.2,3.0,FWD,0.38587245208216747,-0.11412754791783253
664,Lecomte,Fulham,1,40,0,0,0,0,0,0,0.0,0.0,3.0,GK,-0.010210459355186496,-0.010210459355186496
727,Chukwueze,Fulham,3,53,7,77,0,1,0,19,0.5,8.7,3.0,MID,1.182745374459969,0.682745374459969
731,Santos Lopes de Macedo,Fulham,3,60,10,314,0,0,1,41,1.8,17.5,3.0,MID,1.5585205137554046,-0.24147948624459548
737,Kusi-Asare,Fulham,4,45,1,1,0,0,0,2,0.2,0.0,3.0,FWD,0.18998281327919053,-0.010017186720809479
339,Meslier,Leeds,1,43,0,0,0,0,0,0,0.0,0.0,3.4,GK,0.04223296633937468,0.04223296633937468
340,Cairns,Leeds,1,40,0,0,0,0,0,0,0.0,0.0,3.4,GK,0.04223296633937468,0.04223296633937468
341,Darlow,Leeds,1,40,10,450,0,0,0,55,0.2,10.5,3.4,GK,0.41868054842096636,0.21868054842096635
342,Bogle,Leeds,2,45,27,868,0,1,2,75,1.0,26.5,3.4,DEF,1.3982632309930825,0.3982632309930825
343,Struijk,Leeds,2,44,24,720,0,0,2,93,0.0,23.9,3.4,DEF,0.21835278722935814,0.21835278722935814
344,Bijol,Leeds,2,39,5,180,0,0,0,20,1.2,5.1,3.4,DEF,1.019663831995791,-0.18033616800420904
345,Bornauw,Leeds,2,39,0,0,0,0,0,0,0.0,0.0,3.4,DEF,0.04223296633937468,0.04223296633937468
346,Byram,Leeds,2,39,1,7,0,0,0,-2,0.0,0.0,3.4,DEF,0.04223296633937468,0.04223296633937468
347,Gudmundsson,Leeds,2,40,26,830,0,0,2,102,0.8,39.3,3.4,DEF,0.8030629553792017,0.0030629553792016484
348,Rodon,Leeds,2,41,45,900,2,0,2,149,3.8,42.5,3.4,DEF,3.1990612648018564,-0.6009387351981434
349,Schmidt,Leeds,2,40,0,0,0,0,0,0,0.0,0.0,3.4,DEF,0.04223296633937468,0.04223296633937468
350,Aaronson,Leeds,3,54,34,636,1,2,2,138,3.8,42.5,3.4,MID,4.007500203101545,0.20750020310154493
351,Gnonto,Leeds,3,52,6,191,0,0,1,27,0.0,5.3,3.4,MID,0.04223296633937468,0.04223296633937468
352,Harrison,Leeds,3,52,10,253,0,0,0,50,1.0,11.5,3.4,MID,1.0242364429416533,0.02423644294165328
353,James,Leeds,3,53,10,268,0,0,1,38,0.8,13.5,3.4,MID,0.6356848907092494,-0.16431510929075066
354,Ampadu,Leeds,3,49,22,697,0,0,1,114,1.8,20.5,3.4,MID,1.9984395832245196,0.1984395832245196
355,Greenwood,Leeds,3,49,0,0,0,0,0,0,0.0,0.0,3.4,MID,0.04223296633937468,0.04223296633937468
356,Gruev,Leeds,3,48,7,211,0,0,1,42,0.0,3.6,3.4,MID,0.03981217230921219,0.03981217230921219
357,Ramazani,Leeds,3,49,0,0,0,0,0,0,0.0,0.0,3.4,MID,0.04223296633937468,0.04223296633937468
358,Ao,Leeds,3,48,13,320,0,0,2,51,1.5,9.0,3.4,MID,1.4226056598519383,-0.07739434014806168
359,Crew,Leeds,3,45,0,0,0,0,0,0,0.0,0.0,3.4,MID,0.04223296633937468,0.04223296633937468
360,Gelhardt,Leeds,3,45,0,0,0,0,0,0,0.0,0.0,3.4,MID,0.04223296633937468,0.04223296633937468
361,Gyabi,Leeds,3,45,0,0,0,0,0,0,0.0,0.0,3.4,MID,0.04223296633937468,0.04223296633937468
362,Piroe,Leeds,4,50,5,162,0,0,1,11,0.2,9.1,3.4,FWD,0.43912280912011614,0.23912280912011613
363,Bamford,Leeds,4,49,0,0,0,0,0,0,0.0,0.0,3.4,FWD,0.04223296633937468,0.04223296633937468
364,Joseph Fernández-Regatillo,Leeds,4,50,0,0,0,0,0,0,0.0,0.0,3.4,FWD,0.04223296633937468,0.04223296633937468
365,Nmecha,Leeds,4,50,15,199,1,0,1,45,0.8,14.3,3.4,FWD,0.8350712320002389,0.03507123200023887
493,Longstaff,Leeds,3,49,37,714,1,2,1,191,2.2,54.7,3.4,MID,2.201591604117984,0.0015916041179839802
660,Stach,Leeds,3,49,36,708,1,2,2,136,0.8,44.5,3.4,MID,1.021277694682566,0.22127769468256586
665,Perri,Leeds,1,45,15,450,0,0,2,53,0.8,8.7,3.4,GK,0.6190083096125745,-0.18099169038742557
691,Calvert-Lewin,Leeds,4,55,24,598,1,1,2,64,1.5,33.8,3.4,FWD,1.6004738319859282,0.10047383198592819
698,Okafor,Leeds,3,55,27,425,2,1,1,89,1.5,28.4,3.4,MID,2.8200584001328703,1.3200584001328703
706,Justin,Leeds,2,40,4,77,0,0,0,15,0.2,1.8,3.4,DEF,0.4348191752887163,0.23481917528871626
741,Gray,Leeds,4,45,0,0,0,0,0,0,0.0,0.0,3.4,FWD,0.04223296633937468,0.04223296633937468
366,Becker,Liverpool,1,54,20,540,0,0,2,95,0.0,10.7,2.6,GK,-0.06265388504974762,-0.06265388504974762
367,Mamardashvili,Liverpool,1,43,12,360,0,0,1,62,2.5,9.8,2.6,GK,2.2928633686463007,-0.2071366313536993
368,Pécsi,Liverpool,1,39,0,0,0,0,0,0,0.0,0.0,2.6,GK,-0.06265388504974762,-0.06265388504974762
369,Woodman,Liverpool,1,39,0,0,0,0,0,0,0.0,0.0,2.6,GK,-0.06265388504974762,-0.06265388504974762
370,Frimpong,Liverpool,2,58,7,83,0,1,0,29,0.2,6.6,2.6,DEF,0.13700143335570436,-0.06299856664429565
371,Kerkez,Liverpool,2,57,20,660,1,0,1,83,1.8,29.2,2.6,DEF,1.5125325388079436,-0.28746746119205646
372,Robertson,Liverpool,2,58,11,236,0,0,1,59,2.2,21.1,2.6,DEF,1.919912489052722,-0.28008751094727824
373,van Dijk,Liverpool,2,59,40,900,0,0,3,149,2.8,41.2,2.6,DEF,2.2928633686463007,-0.5071366313536991
374,Konaté,Liverpool,2,54,38,832,0,0,3,139,3.5,31.4,2.6,DEF,2.8985537517242195,-0.6014462482757805
375,Bradley,Liverpool,2,50,15,447,0,1,1,43,3.0,13.2,2.6,DEF,2.3067156900411194,-0.6932843099588806
376,Gomez,Liverpool,2,49,3,36,0,0,0,7,0.2,2.0,2.6,DEF,0.13673245624124186,-0.06326754375875815
377,Tsimikas,Liverpool,2,48,0,0,0,0,0,0,0.0,0.0,2.6,DEF,-0.06265388504974762,-0.06265388504974762
378,Nallo,Liverpool,2,38,0,0,0,0,0,0,0.0,0.0,2.6,DEF,-0.06265388504974762,-0.06265388504974762
379,Williams,Liverpool,2,38,0,0,0,0,0,0,0.0,0.0,2.6,DEF,-0.06265388504974762,-0.06265388504974762
380,Ramsay,Liverpool,2,38,0,0,0,0,0,0,0.0,0.0,2.6,DEF,-0.06265388504974762,-0.06265388504974762
381,Salah,Liverpool,3,142,52,894,4,2,3,163,4.5,78.9,2.6,MID,3.896292389522554,-0.6037076104774459
382,Wirtz,Liverpool,3,80,17,604,0,0,2,84,1.0,43.1,2.6,MID,0.9163908432934436,-0.08360915670655644
383,Díaz Marulanda,Liverpool,3,80,0,0,0,0,0,0,0.0,0.0,2.6,MID,-0.06265388504974762,-0.06265388504974762
384,Gakpo,Liverpool,3,76,45,795,3,2,3,176,3.0,75.3,2.6,MID,3.6991923537044955,0.6991923537044955
385,Chiesa,Liverpool,3,64,19,110,2,1,0,71,1.2,17.7,2.6,MID,0.9326639587184247,-0.2673360412815753
386,Mac Allister,Liverpool,3,63,24,564,0,2,2,118,2.2,27.6,2.6,MID,2.105446508948893,-0.09455349105110722
387,Szoboszlai,Liverpool,3,66,43,900,1,1,3,207,4.0,65.3,2.6,MID,3.2945021746043417,-0.7054978253956583
388,Jones,Liverpool,3,54,13,322,0,1,0,84,0.8,15.8,2.6,MID,0.7210391587193916,-0.07896084128060843
390,Gravenberch,Liverpool,3,56,50,691,3,2,3,205,3.2,41.0,2.6,MID,2.909850790531644,-0.290149209468356
392,Wataru,Liverpool,3,49,6,36,0,1,0,20,0.0,3.9,2.6,MID,0.13713592191293555,0.13713592191293555
393,Bajčetić Maquieira,Liverpool,3,43,0,0,0,0,0,0,0.0,0.0,2.6,MID,-0.06265388504974762,-0.06265388504974762
394,McConnell,Liverpool,3,44,0,0,0,0,0,0,0.0,0.0,2.6,MID,-0.06265388504974762,-0.06265388504974762
395,Morton,Liverpool,3,45,0,0,0,0,0,0,0.0,0.0,2.6,MID,-0.06265388504974762,-0.06265388504974762
396,Nyoni,Liverpool,3,43,0,0,0,0,0,0,0.0,0.0,2.6,MID,-0.06265388504974762,-0.06265388504974762
397,Núñez Ribeiro,Liverpool,4,65,0,0,0,0,0,0,0.0,0.0,2.6,FWD,-0.06265388504974762,-0.06265388504974762
398,Danns,Liverpool,4,44,0,0,0,0,0,0,0.0,0.0,2.6,FWD,-0.06265388504974762,-0.06265388504974762
499,Isak,Liverpool,4,104,10,250,0,1,0,19,0.5,8.7,2.6,FWD,1.3202740910502098,0.8202740910502098
661,Ekitiké,Liverpool,4,86,38,575,3,1,3,124,1.2,35.0,2.6,FWD,1.1110700850813393,-0.08892991491866065
686,Ngumoha,Liverpool,3,45,9,30,1,0,0,37,0.2,8.8,2.6,MID,0.13498410499723557,-0.06501589500276445
692,Leoni,Liverpool,2,49,0,0,0,0,0,0,0.0,0.0,2.6,DEF,-0.06265388504974762,-0.06265388504974762
746,Morrison,Liverpool,3,45,0,0,0,0,0,0,0.0,0.0,2.6,MID,-0.06265388504974762,-0.06265388504974762
182,Trafford,Man City,1,47,11,270,0,0,1,62,0.0,10.1,3.0,GK,-0.010210459355186496,-0.010210459355186496
399,Santana de Moraes,Man City,1,53,0,0,0,0,0,0,0.0,0.0,3.0,GK,-0.010210459355186496,-0.010210459355186496
400,Ortega Moreno,Man City,1,48,0,0,0,0,0,0,0.0,0.0,3.0,GK,-0.010210459355186496,-0.010210459355186496
401,Bettinelli,Man City,1,40,0,0,0,0,0,0,0.0,0.0,3.0,GK,-0.010210459355186496,-0.010210459355186496
402,Aït-Nouri,Man City,2,58,11,203,0,0,1,38,0.2,7.8,3.0,DEF,0.18998281327919053,-0.010017186720809479
403,Gvardiol,Man City,2,58,28,519,0,1,2,109,1.0,20.2,3.0,DEF,3.158721809258108,2.158721809258108
404,Akanji,Man City,2,54,0,0,0,0,0,0,0.0,0.0,3.0,DEF,-0.010210459355186496,-0.010210459355186496
405,Aké,Man City,2,53,10,201,0,0,1,42,1.5,7.6,3.0,DEF,1.1796521376436502,-0.3203478623563498
406,Khusanov,Man City,2,54,11,227,0,0,1,46,0.0,4.8,3.0,DEF,-0.010210459355186496,-0.010210459355186496
407,Nunes,Man City,2,53,32,603,1,1,2,138,2.8,24.4,3.0,DEF,3.146617839107295,0.3466178391072954
408,dos Santos Gato Alves Dias,Man City,2,55,39,815,0,0,4,161,3.0,24.4,3.0,DEF,4.148256645065336,1.1482566450653362
409,Stones,Man City,2,55,11,324,0,0,1,46,0.5,9.1,3.0,DEF,0.3823757495941551,-0.1176242504058449
410,Lewis,Man City,2,48,15,172,0,1,1,50,0.2,9.4,3.0,DEF,0.18944485905026553,-0.010555140949734476
411,O'Reilly,Man City,2,49,40,593,1,1,4,146,5.0,37.1,3.0,DEF,4.958578423166264,-0.04142157683373604
412,de Oliveira Nunes dos Reis,Man City,2,50,0,0,0,0,0,0,0.0,0.0,3.0,DEF,-0.010210459355186496,-0.010210459355186496
413,Marmoush,Man City,3,83,11,162,0,1,0,41,0.5,13.9,3.0,MID,0.38856222322679246,-0.11143777677320754
414,Foden,Man City,3,80,28,621,1,1,4,151,2.0,57.7,3.0,MID,2.145113521706486,0.14511352170648584
415,Moreira de Oliveira,Man City,3,69,15,351,0,1,2,52,2.0,26.6,3.0,MID,2.1565450490711418,0.15654504907114175
416,Mota Veiga de Carvalho e Silva,Man City,3,63,20,550,0,1,2,102,1.2,26.4,3.0,MID,1.1656653276916003,-0.034334672308399705
417,Cherki,Man City,3,63,19,161,1,2,0,84,3.0,23.1,3.0,MID,2.381484216236068,-0.6185157837639319
418,Doku,Man City,3,64,33,544,0,4,3,123,1.0,57.0,3.0,MID,0.9681618262018485,-0.03183817379815146
420,Gündoğan,Man City,3,63,0,0,0,0,0,0,0.0,0.0,3.0,MID,-0.010210459355186496,-0.010210459355186496
421,Hernandez Cascante,Man City,3,63,12,292,0,0,1,58,0.2,12.0,3.0,MID,0.38748631476894246,0.18748631476894245
422,Kovačić,Man City,3,59,1,4,0,0,0,3,0.2,0.3,3.0,MID,0.18957934760749673,-0.010420652392503282
423,González Iglesias,Man City,3,59,20,554,0,0,3,129,2.2,23.3,3.0,MID,2.357141787377212,0.15714178737721163
424,Bobb,Man City,3,53,18,451,0,1,2,81,0.8,28.2,3.0,MID,1.1694310072940755,0.3694310072940754
425,Echeverri,Man City,3,54,0,0,0,0,0,0,0.0,0.0,3.0,MID,-0.010210459355186496,-0.010210459355186496
427,Reijnders,Man City,3,55,34,757,1,2,3,145,0.8,46.3,3.0,MID,1.1614961824174315,0.3614961824174314
428,Nypan,Man City,3,50,0,0,0,0,0,0,0.0,0.0,3.0,MID,-0.010210459355186496,-0.010210459355186496
429,Phillips,Man City,3,48,0,0,0,0,0,0,0.0,0.0,3.0,MID,-0.010210459355186496,-0.010210459355186496
430,Haaland,Man City,4,148,98,854,13,1,5,416,7.0,116.0,3.0,FWD,7.154383459954541,0.15438345995454128
736,Donnarumma,Man City,1,57,25,630,0,0,3,108,2.5,10.0,3.0,GK,3.146617839107295,0.6466178391072952
739,Mukasa,Man City,3,45,0,0,0,0,0,0,0.0,0.0,3.0,MID,-0.010210459355186496,-0.010210459355186496
740,Mfuni,Man City,2,40,0,0,0,0,0,0,0.0,0.0,3.0,DEF,-0.010210459355186496,-0.010210459355186496
742,McAidoo,Man City,3,45,0,0,0,0,0,0,0.0,0.0,3.0,MID,-0.010210459355186496,-0.010210459355186496
119,Mbeumo,Man Utd,3,84,60,955,5,1,2,225,8.2,95.5,2.4,MID,7.665270077622866,-0.5347299223771333
431,Bayındır,Man Utd,1,48,11,540,0,0,0,49,0.0,12.8,2.4,GK,-0.0888755978970282,-0.0888755978970282
432,Onana,Man Utd,1,49,0,0,0,0,0,0,0.0,0.0,2.4,GK,-0.0888755978970282,-0.0888755978970282
433,Harrison,Man Utd,1,40,0,0,0,0,0,0,0.0,0.0,2.4,GK,-0.0888755978970282,-0.0888755978970282
434,Heaton,Man Utd,1,39,0,0,0,0,0,0,0.0,0.0,2.4,GK,-0.0888755978970282,-0.0888755978970282
435,Mee,Man Utd,1,39,0,0,0,0,0,0,0.0,0.0,2.4,GK,-0.0888755978970282,-0.0888755978970282
436,de Ligt,Man Utd,2,50,39,990,1,0,1,145,3.2,36.7,2.4,DEF,4.0574875363726814,0.8574875363726813
437,Martínez,Man Utd,2,48,0,0,0,0,0,0,0.0,0.0,2.4,DEF,-0.0888755978970282,-0.0888755978970282
438,Mazraoui,Man Utd,2,49,10,200,0,0,1,44,0.2,6.6,2.4,DEF,0.10203796428839262,-0.09796203571160739
439,León Blanco,Man Utd,2,43,0,0,0,0,0,0,0.0,0.0,2.4,DEF,-0.0888755978970282,-0.0888755978970282
440,Dalot Teixeira,Man Utd,2,44,22,592,0,2,1,58,1.5,25.7,2.4,DEF,2.873004481663095,1.373004481663095
441,Dorgu,Man Utd,2,43,16,622,0,1,1,68,1.5,32.1,2.4,DEF,1.2894797672570668,-0.2105202327429332
442,Maguire,Man Utd,2,44,33,341,1,1,2,83,4.2,14.3,2.4,DEF,3.494699003051532,-0.705300996948468
443,Shaw,Man Utd,2,45,28,933,0,1,2,104,3.2,20.5,2.4,DEF,3.6611356478208648,0.4611356478208646
444,Yoro,Man Utd,2,44,23,638,0,1,1,68,0.8,15.5,2.4,DEF,1.6773588767033147,0.8773588767033147
445,Amass,Man Utd,2,40,0,0,0,0,0,0,0.0,0.0,2.4,DEF,-0.0888755978970282,-0.0888755978970282
446,Fredricson,Man Utd,2,39,0,0,0,0,0,0,0.0,0.0,2.4,DEF,-0.0888755978970282,-0.0888755978970282
447,Heaven,Man Utd,2,38,4,28,0,1,0,14,0.8,3.9,2.4,DEF,0.5087454717470152,-0.2912545282529848
448,Malacia,Man Utd,2,39,0,0,0,0,0,0,0.0,0.0,2.4,DEF,-0.0888755978970282,-0.0888755978970282
449,Borges Fernandes,Man Utd,3,89,50,980,2,3,1,243,5.5,92.2,2.4,MID,4.859605512482503,-0.6403944875174972
450,Santos Carneiro da Cunha,Man Utd,3,79,26,683,1,0,1,124,4.2,45.7,2.4,MID,3.469011688620364,-0.7309883113796363
451,Rashford,Man Utd,3,70,0,0,0,0,0,0,0.0,0.0,2.4,MID,-0.0888755978970282,-0.0888755978970282
452,Diallo,Man Utd,3,63,37,753,1,3,2,180,5.8,55.1,2.4,MID,5.06625423586398,-0.7337457641360201
454,dos Santos,Man Utd,3,59,0,0,0,0,0,0,0.0,0.0,2.4,MID,-0.0888755978970282,-0.0888755978970282
455,Mount,Man Utd,3,59,22,349,1,0,3,70,1.0,22.1,2.4,MID,2.696615683658649,1.6966156836586488
457,Casimiro,Man Utd,3,55,47,617,3,2,3,165,8.0,40.0,2.4,MID,7.073028550268074,-0.9269714497319264
458,Mainoo,Man Utd,3,47,7,138,0,0,0,26,0.5,9.1,2.4,MID,0.5069971205030088,0.006997120503008825
459,Ugarte Ribeiro,Man Utd,3,48,13,299,0,0,0,66,0.8,8.2,2.4,MID,0.7038281792066048,-0.09617182079339526
460,Collyer,Man Utd,3,45,0,0,0,0,0,0,0.0,0.0,2.4,MID,-0.0888755978970282,-0.0888755978970282
461,Fitzgerald,Man Utd,3,44,0,0,0,0,0,0,0.0,0.0,2.4,MID,-0.0888755978970282,-0.0888755978970282
462,Fletcher,Man Utd,3,44,0,0,0,0,0,0,0.0,0.0,2.4,MID,-0.0888755978970282,-0.0888755978970282
463,Koné,Man Utd,3,44,0,0,0,0,0,0,0.0,0.0,2.4,MID,-0.0888755978970282,-0.0888755978970282
464,Moorhouse,Man Utd,3,45,0,0,0,0,0,0,0.0,0.0,2.4,MID,-0.0888755978970282,-0.0888755978970282
465,Højlund,Man Utd,4,63,0,0,0,0,0,0,0.0,0.0,2.4,FWD,-0.0888755978970282,-0.0888755978970282
466,Zirkzee,Man Utd,4,58,4,82,0,0,0,7,0.2,8.9,2.4,FWD,0.11037625483672997,-0.08962374516327004
467,Obi,Man Utd,4,43,0,0,0,0,0,0,0.0,0.0,2.4,FWD,-0.0888755978970282,-0.0888755978970282
468,Wheatley,Man Utd,4,45,0,0,0,0,0,0,0.0,0.0,2.4,FWD,-0.0888755978970282,-0.0888755978970282
681,Sesko,Man Utd,4,73,31,616,2,1,1,90,2.0,43.5,2.4,FWD,3.273391026931849,1.273391026931849
733,Lammens,Man Utd,1,50,16,450,0,0,1,63,1.8,11.1,2.4,GK,3.0558487304146413,1.2558487304146413
52,Ramsey,Newcastle,3,53,3,124,0,0,0,18,0.2,9.0,3.0,MID,0.18137554561639058,-0.018624454383609435
135,Wissa,Newcastle,4,73,0,0,0,0,0,0,0.0,0.0,3.0,FWD,-0.010210459355186496,-0.010210459355186496
469,Pope,Newcastle,1,52,49,900,0,1,5,205,2.0,25.7,3.0,GK,2.9462900779156866,0.9462900779156866
471,Gillespie,Newcastle,1,40,0,0,0,0,0,0,0.0,0.0,3.0,GK,-0.010210459355186496,-0.010210459355186496
472,Vlachodimos,Newcastle,1,40,0,0,0,0,0,0,0.0,0.0,3.0,GK,-0.010210459355186496,-0.010210459355186496
473,Hall,Newcastle,2,52,9,133,0,0,1,31,0.0,3.9,3.0,DEF,-0.010210459355186496,-0.010210459355186496
474,Schär,Newcastle,2,54,25,424,0,0,3,95,0.5,15.7,3.0,DEF,0.3804929097929175,-0.1195070902070825
475,Botman,Newcastle,2,49,28,552,0,0,3,108,0.5,21.2,3.0,DEF,1.5515271087793798,1.0515271087793798
476,Burn,Newcastle,2,52,48,900,0,1,5,131,1.2,25.3,3.0,DEF,3.146617839107295,1.9466178391072952
477,Livramento,Newcastle,2,49,37,526,0,1,5,137,0.0,14.3,3.0,DEF,-0.010210459355186496,-0.010210459355186496
478,Trippier,Newcastle,2,50,30,609,0,0,4,123,0.8,33.1,3.0,DEF,1.7564274809168503,0.9564274809168503
479,Krafth,Newcastle,2,43,0,45,0,0,0,-8,0.0,0.3,3.0,DEF,-0.016262444430592715,-0.016262444430592715
480,Lascelles,Newcastle,2,43,1,19,0,0,0,0,0.0,1.7,3.0,DEF,-0.010210459355186496,-0.010210459355186496
481,Murphy,Newcastle,2,39,0,0,0,0,0,0,0.0,0.0,3.0,DEF,-0.010210459355186496,-0.010210459355186496
482,Ashby,Newcastle,2,39,0,0,0,0,0,0,0.0,0.0,3.0,DEF,-0.010210459355186496,-0.010210459355186496
483,Pivaš,Newcastle,2,39,0,0,0,0,0,0,0.0,0.0,3.0,DEF,-0.010210459355186496,-0.010210459355186496
484,Targett,Newcastle,2,40,0,0,0,0,0,0,0.0,0.0,3.0,DEF,-0.010210459355186496,-0.010210459355186496
485,Gordon,Newcastle,3,74,12,461,0,0,3,43,1.2,26.4,3.0,MID,1.557713582412017,0.357713582412017
486,Elanga,Newcastle,3,67,15,398,0,0,2,52,0.8,22.8,3.0,MID,1.1727932212248566,0.3727932212248566
487,Barnes,Newcastle,3,63,15,388,0,0,2,47,0.8,23.4,3.0,MID,0.778458661031509,-0.021541338968491086
488,Guimarães Rodriguez Moura,Newcastle,3,66,46,805,3,2,4,194,4.0,53.3,3.0,MID,5.951878938575966,1.951878938575966
489,Murphy,Newcastle,3,61,34,490,2,1,4,118,4.2,44.6,3.0,MID,3.56865704209028,-0.6313429579097201
490,Apolinário de Lira,Newcastle,3,59,20,626,0,0,3,80,1.8,25.9,3.0,MID,1.950703257033052,0.15070325703305198
491,Tonali,Newcastle,3,54,28,793,0,1,5,164,1.2,45.8,3.0,MID,1.5550238112673922,0.35502381126739224
492,Cordero Campillo,Newcastle,3,49,0,0,0,0,0,0,0.0,0.0,3.0,MID,-0.010210459355186496,-0.010210459355186496
494,Willock,Newcastle,3,50,4,86,0,0,1,16,0.0,1.8,3.0,MID,-0.010210459355186496,-0.010210459355186496
495,Hayden,Newcastle,3,45,0,0,0,0,0,0,0.0,0.0,3.0,MID,-0.010210459355186496,-0.010210459355186496
496,Kuol,Newcastle,3,44,0,0,0,0,0,0,0.0,0.0,3.0,MID,-0.010210459355186496,-0.010210459355186496
497,Miley,Newcastle,3,44,13,272,0,1,1,59,1.5,10.9,3.0,MID,1.3778280819195583,-0.1221719180804417
498,White,Newcastle,3,45,0,0,0,0,0,0,0.0,0.0,3.0,MID,-0.010210459355186496,-0.010210459355186496
500,Osula,Newcastle,4,55,18,213,1,1,1,60,1.5,12.1,3.0,FWD,1.3848214868955835,-0.11517851310441651
501,Neave,Newcastle,4,44,0,0,0,0,0,0,0.0,0.0,3.0,FWD,-0.010210459355186496,-0.010210459355186496
674,Ramsdale,Newcastle,1,48,0,0,0,0,0,0,0.0,0.0,3.0,GK,-0.010210459355186496,-0.010210459355186496
684,Thiaw,Newcastle,2,49,23,542,0,0,2,85,1.0,19.3,3.0,DEF,2.345306794340862,1.3453067943408619
689,Park,Newcastle,3,44,0,0,0,0,0,0,0.0,0.0,3.0,MID,-0.010210459355186496,-0.010210459355186496
714,Woltemade,Newcastle,4,75,35,523,4,0,4,121,2.8,36.8,3.0,FWD,3.3536700281604657,0.5536700281604658
12,Zinchenko,Nott'm Forest,2,49,5,253,0,0,0,46,0.2,13.0,2.8,DEF,0.15407792431126,-0.045922075688740016
426,McAtee,Nott'm Forest,3,51,4,126,0,0,0,20,0.0,6.1,2.8,MID,-0.036432172202467084,-0.036432172202467084
502,Sels,Nott'm Forest,1,48,21,900,0,0,0,91,1.5,25.6,2.8,GK,1.7181017979187572,0.21810179791875717
503,dos Santos Pereira,Nott'm Forest,1,40,0,0,0,0,0,0,0.0,0.0,2.8,GK,-0.036432172202467084,-0.036432172202467084
504,Turner,Nott'm Forest,1,40,0,0,0,0,0,0,0.0,0.0,2.8,GK,-0.036432172202467084,-0.036432172202467084
505,Milenković,Nott'm Forest,2,52,15,900,0,0,0,62,0.8,23.2,2.8,DEF,1.1171185143439324,0.31711851434393235
506,Costa dos Santos,Nott'm Forest,2,53,12,559,0,0,0,51,1.2,14.3,2.8,DEF,0.931181028776068,-0.26881897122393195
507,Aina,Nott'm Forest,2,47,6,270,0,0,0,20,0.0,9.8,2.8,DEF,-0.036432172202467084,-0.036432172202467084
508,Williams,Nott'm Forest,2,47,18,900,1,0,0,91,0.8,43.1,2.8,DEF,0.5161352307691079,-0.2838647692308921
509,Mota Veiga Teixeira do Carmo,Nott'm Forest,2,45,0,0,0,0,0,0,0.0,0.0,2.8,DEF,-0.036432172202467084,-0.036432172202467084
510,Paula da Cunha Filho,Nott'm Forest,2,43,3,90,0,0,0,9,0.0,2.6,2.8,DEF,0.552447141221545,0.552447141221545
511,Rodrigues da Silva,Nott'm Forest,2,44,7,436,0,0,0,33,0.0,9.8,2.8,DEF,0.5422260108719702,0.5422260108719702
512,Richards,Nott'm Forest,2,45,0,0,0,0,0,0,0.0,0.0,2.8,DEF,-0.036432172202467084,-0.036432172202467084
513,Abbott,Nott'm Forest,2,39,0,0,0,0,0,0,0.0,0.0,2.8,DEF,-0.036432172202467084,-0.036432172202467084
514,Boly,Nott'm Forest,2,39,0,0,0,0,0,0,0.0,0.0,2.8,DEF,-0.036432172202467084,-0.036432172202467084
515,Gibbs-White,Nott'm Forest,3,73,30,819,1,1,0,136,3.0,48.0,2.8,MID,3.1206651033744777,0.12066510337447767
516,Hudson-Odoi,Nott'm Forest,3,58,22,567,1,0,0,97,1.0,42.4,2.8,MID,0.9385778994237866,-0.061422100576213445
517,Anderson,Nott'm Forest,3,53,32,900,0,1,0,180,2.5,53.8,2.8,MID,2.118757320301974,-0.38124267969802617
518,Ferreira da Silva,Nott'm Forest,3,54,1,11,0,0,0,6,0.0,1.0,2.8,MID,-0.036432172202467084,-0.036432172202467084
519,Domínguez,Nott'm Forest,3,50,1,52,0,0,0,9,0.2,2.2,2.8,MID,0.16295416908852234,-0.03704583091147767
520,O'Brien,Nott'm Forest,3,50,0,0,0,0,0,0,0.0,0.0,2.8,MID,-0.036432172202467084,-0.036432172202467084
521,Sangaré,Nott'm Forest,3,49,13,442,0,0,0,69,0.5,13.1,2.8,MID,0.35198489147270573,-0.14801510852729427
522,Yates,Nott'm Forest,3,47,10,209,0,1,0,40,1.5,9.1,2.8,MID,1.3411162616082404,-0.15888373839175962
523,da Silva Moreira,Nott'm Forest,3,45,0,0,0,0,0,0,0.0,0.0,2.8,MID,-0.036432172202467084,-0.036432172202467084
524,Stamenić,Nott'm Forest,3,45,0,0,0,0,0,0,0.0,0.0,2.8,MID,-0.036432172202467084,-0.036432172202467084
525,Wood,Nott'm Forest,4,72,25,538,2,0,1,85,0.2,29.8,2.8,FWD,0.5539265153510888,0.3539265153510888
526,Maciel da Cruz,Nott'm Forest,4,58,13,268,0,1,0,40,1.8,13.5,2.8,FWD,1.5402336257847677,-0.2597663742152323
527,Awoniyi,Nott'm Forest,4,52,3,102,0,0,0,17,0.8,7.1,2.8,FWD,0.5508332785347702,-0.2491667214652299
669,Ndoye,Nott'm Forest,3,57,27,665,1,1,0,102,0.8,29.5,2.8,MID,0.9334673342489992,0.13346733424899915
675,Gunn,Nott'm Forest,1,40,0,0,0,0,0,0,0.0,0.0,2.8,GK,-0.036432172202467084,-0.036432172202467084
693,Hutchinson,Nott'm Forest,3,54,5,97,0,0,0,21,0.2,13.8,2.8,MID,0.3548091511745619,0.1548091511745619
696,Kalimuendo,Nott'm Forest,4,60,6,66,0,0,0,14,0.2,4.1,2.8,FWD,0.16376110043190995,-0.036238899568090066
699,Soares de Paulo,Nott'm Forest,3,50,7,185,0,1,0,40,0.5,8.0,2.8,MID,0.34942960888531194,-0.15057039111468806
715,Maciel Furtado,Nott'm Forest,1,40,0,0,0,0,0,0,0.0,0.0,2.8,GK,-0.036432172202467084,-0.036432172202467084
716,Savona,Nott'm Forest,2,45,10,339,1,0,0,28,2.2,14.4,2.8,DEF,1.9283817123454776,-0.27161828765452256
729,Soares da Silva,Nott'm Forest,2,45,0,0,0,0,0,0,0.0,0.0,2.8,DEF,-0.036432172202467084,-0.036432172202467084
734,Bakwa,Nott'm Forest,3,60,5,172,0,0,0,27,0.0,15.3,2.8,MID,0.16214723774513495,0.16214723774513495
528,Patterson,Sunderland,1,43,0,0,0,0,0,0,0.0,0.0,3.6,GK,0.06845467918665527,0.06845467918665527
529,Moore,Sunderland,1,39,0,0,0,0,0,0,0.0,0.0,3.6,GK,0.06845467918665527,0.06845467918665527
530,Nna Noukeu,Sunderland,1,39,0,0,0,0,0,0,0.0,0.0,3.6,GK,0.06845467918665527,0.06845467918665527
531,Ballard,Sunderland,2,46,49,579,2,1,2,149,6.5,48.5,3.6,DEF,5.822415979606786,-0.6775840203932137
532,Hume,Sunderland,2,45,41,978,0,1,4,160,3.8,32.8,3.6,DEF,3.2147928701851,-0.5852071298148998
533,Alese,Sunderland,2,40,0,0,0,0,0,0,0.0,0.0,3.6,DEF,0.06845467918665527,0.06845467918665527
534,Anderson,Sunderland,2,39,0,0,0,0,0,0,0.0,0.0,3.6,DEF,0.06845467918665527,0.06845467918665527
535,Cirkin,Sunderland,2,40,0,0,0,0,0,0,0.0,0.0,3.6,DEF,0.06845467918665527,0.06845467918665527
536,Hjelde,Sunderland,2,40,0,0,0,0,0,0,0.0,0.0,3.6,DEF,0.06845467918665527,0.06845467918665527
537,Huggins,Sunderland,2,40,0,0,0,0,0,0,0.0,0.0,3.6,DEF,0.06845467918665527,0.06845467918665527
538,Johnson,Sunderland,2,39,0,0,0,0,0,0,0.0,0.0,3.6,DEF,0.06845467918665527,0.06845467918665527
539,O'Nien,Sunderland,2,40,0,0,0,0,0,0,0.0,0.0,3.6,DEF,0.06845467918665527,0.06845467918665527
540,Pembélé,Sunderland,2,39,0,0,0,0,0,0,0.0,0.0,3.6,DEF,0.06845467918665527,0.06845467918665527
541,Mandava,Sunderland,2,40,18,662,0,0,2,79,1.0,15.4,3.6,DEF,0.8334538135006508,-0.16654618649934916
542,Seelt,Sunderland,2,40,2,133,0,0,0,11,0.0,3.6,3.6,DEF,0.06845467918665527,0.06845467918665527
543,Adingra,Sunderland,3,51,14,297,0,1,2,37,0.2,11.5,3.6,MID,0.46077191102153425,0.26077191102153424
544,Diarra,Sunderland,3,53,12,345,0,1,2,23,0.0,8.0,3.6,MID,0.06845467918665527,0.06845467918665527
545,Roberts,Sunderland,3,54,1,27,0,0,0,4,0.0,1.4,3.6,MID,0.06845467918665527,0.06845467918665527
546,Aleksić,Sunderland,3,49,0,0,0,0,0,0,0.0,0.0,3.6,MID,0.06845467918665527,0.06845467918665527
547,Le Fée,Sunderland,3,49,34,692,1,1,2,118,3.5,35.8,3.6,MID,3.218962015459269,-0.28103798454073114
548,Mundle,Sunderland,3,49,0,0,0,0,0,0,0.0,0.0,3.6,MID,0.06845467918665527,0.06845467918665527
549,Neil,Sunderland,3,48,2,2,0,0,0,7,0.2,0.2,3.6,MID,0.2686479518210323,0.06864795182103228
550,Poveda-Ocampo,Sunderland,3,48,0,0,0,0,0,0,0.0,0.0,3.6,MID,0.06845467918665527,0.06845467918665527
551,Rigg,Sunderland,3,48,8,186,0,0,1,23,1.0,4.3,3.6,MID,0.8576617538022757,-0.14233824619772428
552,Sadiki,Sunderland,3,50,26,983,0,0,4,137,3.0,26.8,3.6,MID,2.6121957239235,-0.3878042760764999
553,Talbi,Sunderland,3,50,34,587,1,2,4,100,3.5,25.2,3.6,MID,3.057501447307491,-0.44249855269250915
554,Ba,Sunderland,3,43,0,0,0,0,0,0,0.0,0.0,3.6,MID,0.06845467918665527,0.06845467918665527
555,Browne,Sunderland,3,45,0,0,0,0,0,0,0.0,0.0,3.6,MID,0.06845467918665527,0.06845467918665527
556,Ekwah Elimby,Sunderland,3,45,0,0,0,0,0,0,0.0,0.0,3.6,MID,0.06845467918665527,0.06845467918665527
557,Jones,Sunderland,3,44,0,0,0,0,0,0,0.0,0.0,3.6,MID,0.06845467918665527,0.06845467918665527
558,Matete,Sunderland,3,44,0,0,0,0,0,0,0.0,0.0,3.6,MID,0.06845467918665527,0.06845467918665527
559,Triantis,Sunderland,3,44,0,0,0,0,0,0,0.0,0.0,3.6,MID,0.06845467918665527,0.06845467918665527
560,Isidor,Sunderland,4,56,41,670,4,0,3,142,3.2,37.5,3.6,FWD,2.8258378522810017,-0.3741621477189985
561,Mayenda Dossou,Sunderland,4,54,16,260,1,0,2,56,0.5,12.3,3.6,FWD,0.6628480234571485,0.16284802345714855
562,Abdullahi,Sunderland,4,43,0,0,0,0,0,0,0.0,0.0,3.6,FWD,0.06845467918665527,0.06845467918665527
563,Silva Semedo,Sunderland,4,44,0,0,0,0,0,0,0.0,0.0,3.6,FWD,0.06845467918665527,0.06845467918665527
564,Rusyn,Sunderland,4,44,0,0,0,0,0,0,0.0,0.0,3.6,FWD,0.06845467918665527,0.06845467918665527
668,Xhaka,Sunderland,3,51,52,990,1,3,4,234,5.0,58.1,3.6,MID,4.615473335839582,-0.38452666416041836
670,Roefs,Sunderland,1,47,56,990,0,0,4,222,3.8,34.3,3.6,GK,3.4135067686899325,-0.3864932313100673
678,Masuaku,Sunderland,2,39,1,125,0,0,0,4,0.0,4.9,3.6,DEF,0.06078883142447411,0.06078883142447411
683,Alderete,Sunderland,2,41,45,667,1,1,3,143,1.5,34.4,3.6,DEF,1.2462133060346794,-0.2537866939653206
694,Mukiele,Sunderland,2,42,51,810,1,1,3,173,6.0,36.9,3.6,DEF,5.416784380606014,-0.5832156193939859
724,Geertruida,Sunderland,2,45,10,337,0,0,0,56,1.5,11.6,3.6,DEF,1.4316128373736192,-0.06838716262638078
730,Brobbey,Sunderland,4,55,14,106,1,1,0,50,2.8,9.4,3.6,FWD,2.4616287289074537,-0.33837127109254617
735,Traoré,Sunderland,3,55,13,358,0,1,1,60,3.0,18.0,3.6,MID,2.4284100552713355,-0.5715899447286645
565,Vicario,Spurs,1,51,47,990,0,0,4,217,3.0,28.7,3.4,GK,2.9866295334594355,-0.013370466540564507
566,Austin,Spurs,1,39,0,0,0,0,0,0,0.0,0.0,3.4,GK,0.04223296633937468,0.04223296633937468
567,Kinský,Spurs,1,39,0,0,0,0,0,0,0.0,0.0,3.4,GK,0.04223296633937468,0.04223296633937468
568,Porro Sauceda,Spurs,2,55,46,863,0,2,4,180,4.0,41.3,3.4,DEF,4.594900142396014,0.5949001423960141
569,Romero,Spurs,2,50,34,747,0,1,3,148,0.5,28.0,3.4,DEF,0.6153771185673307,0.11537711856733068
570,Danso,Spurs,2,43,12,257,0,0,1,48,2.2,6.8,3.4,DEF,2.0124263931765696,-0.1875736068234306
571,Davies,Spurs,2,43,0,0,0,0,0,0,0.0,0.0,3.4,DEF,0.04223296633937468,0.04223296633937468
572,Drăgușin,Spurs,2,45,0,0,0,0,0,0,0.0,0.0,3.4,DEF,0.04223296633937468,0.04223296633937468
573,Spence,Spurs,2,45,31,758,0,0,4,103,2.5,18.1,3.4,DEF,1.9977671404383632,-0.5022328595616368
574,Udogie,Spurs,2,44,12,341,0,1,0,54,1.2,19.7,3.4,DEF,1.4270437822405695,0.22704378224056954
575,van de Ven,Spurs,2,48,58,979,3,0,4,210,6.5,40.8,3.4,DEF,5.590890428950342,-0.9091095710496582
576,Phillips,Spurs,2,40,0,0,0,0,0,0,0.0,0.0,3.4,DEF,0.04223296633937468,0.04223296633937468
577,Kōta,Spurs,2,40,0,0,0,0,0,0,0.0,0.0,3.4,DEF,0.04223296633937468,0.04223296633937468
578,Vušković,Spurs,2,39,0,0,0,0,0,0,0.0,0.0,3.4,DEF,0.04223296633937468,0.04223296633937468
579,Heung-min,Spurs,3,85,0,0,0,0,0,0,0.0,0.0,3.4,MID,0.04223296633937468,0.04223296633937468
580,Johnson,Spurs,3,67,28,467,2,0,3,99,1.5,25.1,3.4,MID,1.4173606061199195,-0.08263939388008046
581,Maddison,Spurs,3,69,0,0,0,0,0,0,0.0,0.0,3.4,MID,0.04223296633937468,0.04223296633937468
582,Kudus,Spurs,3,66,45,875,1,5,4,139,1.5,66.2,3.4,MID,3.6015996269863106,2.1015996269863106
583,Kulusevski,Spurs,3,64,0,0,0,0,0,0,0.0,0.0,3.4,MID,0.04223296633937468,0.04223296633937468
584,Tel,Spurs,3,63,23,246,2,0,1,66,2.0,14.5,3.4,MID,3.428573042912645,1.428573042912645
585,Bentancur,Spurs,3,53,35,655,1,1,2,149,5.2,28.1,3.4,MID,5.005373329457111,-0.19462667054288918
586,Bergvall,Spurs,3,54,24,409,1,1,2,82,0.8,22.8,3.4,MID,0.6370297762815618,-0.16297022371843828
587,Bissouma,Spurs,3,52,0,0,0,0,0,0,0.0,0.0,3.4,MID,0.04223296633937468,0.04223296633937468
588,Odobert,Spurs,3,53,19,376,0,1,0,68,2.5,24.8,3.4,MID,2.416040663818873,-0.08395933618112705
589,Solomon,Spurs,3,54,0,0,0,0,0,0,0.0,0.0,3.4,MID,0.04223296633937468,0.04223296633937468
590,Gil Salvatierra,Spurs,3,49,0,0,0,0,0,0,0.0,0.0,3.4,MID,0.04223296633937468,0.04223296633937468
591,Gray,Spurs,3,48,4,71,0,0,1,17,0.0,2.2,3.4,MID,0.04223296633937468,0.04223296633937468
592,Moore,Spurs,3,50,0,0,0,0,0,0,0.0,0.0,3.4,MID,0.04223296633937468,0.04223296633937468
593,Sarr,Spurs,3,49,37,570,2,2,3,140,3.2,28.4,3.4,MID,2.818175560331633,-0.381824439668367
594,Min-hyeok,Spurs,3,45,0,0,0,0,0,0,0.0,0.0,3.4,MID,0.04223296633937468,0.04223296633937468
595,Olusesi,Spurs,3,44,0,0,0,0,0,0,0.0,0.0,3.4,MID,0.04223296633937468,0.04223296633937468
596,Solanke-Mitchell,Spurs,4,72,2,31,0,0,0,10,0.0,3.1,3.4,FWD,0.04223296633937468,0.04223296633937468
597,de Andrade,Spurs,4,64,44,631,4,2,2,180,3.0,51.0,3.4,FWD,2.620403081727419,-0.3795969182725809
598,Lankshear,Spurs,4,45,0,0,0,0,0,0,0.0,0.0,3.4,FWD,0.04223296633937468,0.04223296633937468
599,Scarlett,Spurs,4,43,0,0,0,0,0,0,0.0,0.0,3.4,FWD,0.04223296633937468,0.04223296633937468
673,Lobo Alves Palhares Costa Palhinha Gonçalves,Spurs,3,55,51,861,2,1,3,205,5.2,38.3,3.4,MID,4.390537724487469,-0.8094622755125309
717,Simons,Spurs,3,67,20,530,0,1,2,82,2.5,22.5,3.4,MID,2.3985571513788106,-0.10144284862118935
726,Kolo Muani,Spurs,4,69,6,189,0,0,1,19,1.5,3.6,3.4,FWD,1.2187811961723178,-0.28121880382768216
745,Byfield,Spurs,2,40,0,0,0,0,0,0,0.0,0.0,3.4,DEF,0.04223296633937468,0.04223296633937468
750,Rowswell,Spurs,2,40,0,0,0,0,0,0,0.0,0.0,3.4,DEF,0.04223296633937468,0.04223296633937468
751,Akhamrich,Spurs,3,45,0,0,0,0,0,0,0.0,0.0,3.4,MID,0.04223296633937468,0.04223296633937468
149,dos Santos de Paulo,West Ham,2,45,3,13,0,0,0,5,0.5,1.3,3.2,DEF,0.41505291318853565,-0.08494708681146435
600,Areola,West Ham,1,43,15,630,0,0,0,78,2.2,18.8,3.2,GK,2.1590967758457227,-0.040903224154277495
601,Foderingham,West Ham,1,40,0,0,0,0,0,0,0.0,0.0,3.2,GK,0.016011253492094146,0.016011253492094146
602,Hegyi,West Ham,1,39,0,0,0,0,0,0,0.0,0.0,3.2,GK,0.016011253492094146,0.016011253492094146
603,Diouf,West Ham,2,43,31,945,0,4,1,92,1.2,38.5,3.2,DEF,1.5641654773463043,0.36416547734630433
604,Palmieri dos Santos,West Ham,2,44,0,0,0,0,0,0,0.0,0.0,3.2,DEF,0.016011253492094146,0.016011253492094146
605,Kilman,West Ham,2,43,20,990,0,0,1,58,1.8,33.3,3.2,DEF,1.5581134922708981,-0.24188650772910192
606,Mavropanos,West Ham,2,44,17,495,0,0,1,54,0.2,18.6,3.2,DEF,0.7991663430323084,0.5991663430323084
607,Aguerd,West Ham,2,44,3,180,0,0,0,-1,0.0,5.1,3.2,DEF,0.016011253492094146,0.016011253492094146
608,Scarles,West Ham,2,44,1,69,0,0,0,-2,0.2,0.9,3.2,DEF,0.20705930423474617,0.007059304234746155
609,Todibo,West Ham,2,43,7,486,0,0,0,34,1.5,13.1,3.2,DEF,1.1695619400384938,-0.3304380599615062
610,Wan-Bissaka,West Ham,2,43,14,561,0,1,0,25,3.0,19.0,3.2,DEF,2.5690320086778953,-0.4309679913221047
611,Casey,West Ham,2,40,0,0,0,0,0,0,0.0,0.0,3.2,DEF,0.016011253492094146,0.016011253492094146
612,Tolentino Coelho de Lima,West Ham,3,59,45,959,3,1,1,198,4.0,64.7,3.2,MID,3.3621392514532213,-0.6378607485467787
613,Souček,West Ham,3,57,26,422,2,1,1,101,5.5,33.1,3.2,MID,4.397534685276307,-1.102465314723693
614,Ward-Prowse,West Ham,3,57,11,414,0,0,1,82,0.0,23.9,3.2,MID,0.016011253492094146,0.016011253492094146
615,Summerville,West Ham,3,55,23,639,0,3,0,91,2.2,26.3,3.2,MID,1.963072648485514,-0.23692735151448607
616,Álvarez Velázquez,West Ham,3,49,0,0,0,0,0,0,0.0,0.0,3.2,MID,0.016011253492094146,0.016011253492094146
617,Cornet,West Ham,3,49,0,0,0,0,0,0,0.0,0.0,3.2,MID,0.016011253492094146,0.016011253492094146
618,Rodríguez,West Ham,3,48,3,89,0,0,0,14,0.2,0.8,3.2,MID,0.21378373209630863,0.01378373209630862
619,Lira dos Santos,West Ham,3,49,3,54,0,0,0,5,0.0,0.4,3.2,MID,0.016011253492094146,0.016011253492094146
620,Earthy,West Ham,3,45,0,0,0,0,0,0,0.0,0.0,3.2,MID,0.016011253492094146,0.016011253492094146
621,Irving,West Ham,3,44,8,149,0,0,0,45,1.0,7.0,3.2,MID,0.8006457171618522,-0.19935428283814782
622,Orford,West Ham,3,44,0,0,0,0,0,0,0.0,0.0,3.2,MID,0.016011253492094146,0.016011253492094146
623,Potts,West Ham,3,44,10,282,0,0,0,59,1.8,14.0,3.2,MID,1.5909287002353227,-0.2090712997646773
624,Bowen,West Ham,4,77,46,990,3,1,1,210,2.8,69.4,3.2,FWD,2.559752298228939,-0.24024770177106092
625,Füllkrug,West Ham,4,56,10,379,0,0,1,23,0.0,21.9,3.2,FWD,0.4085974624414357,0.4085974624414357
626,Marshall,West Ham,4,44,2,58,0,0,0,0,0.2,0.8,3.2,FWD,0.4088664395558982,0.20886643955589818
659,Walker-Peters,West Ham,2,43,21,465,1,0,1,79,2.5,22.1,3.2,DEF,2.2081850992351284,-0.2918149007648716
671,Wilson,West Ham,4,58,22,365,2,0,1,90,2.8,28.0,3.2,FWD,2.1933913579396913,-0.6066086420603085
679,Hermansen,West Ham,1,44,9,360,0,0,1,27,0.0,8.5,3.2,GK,0.016011253492094146,0.016011253492094146
708,Espanha Fernandes,West Ham,3,55,28,642,1,1,1,129,3.8,35.6,3.2,MID,3.7773195380174127,-0.022680461982587108
718,Magassa,West Ham,3,50,6,189,0,0,0,26,0.5,4.3,3.2,MID,0.8052183281077145,0.30521832810771454
738,Fabianski,West Ham,1,45,0,0,0,0,0,0,0.0,0.0,3.2,GK,0.016011253492094146,0.016011253492094146
747,Mayers,West Ham,2,40,0,0,0,0,0,0,0.0,0.0,3.2,DEF,0.016011253492094146,0.016011253492094146
752,Golambeckis,West Ham,2,40,0,0,0,0,0,0,0.0,0.0,3.2,DEF,0.016011253492094146,0.016011253492094146
627,Johnstone,Wolves,1,45,15,630,0,0,0,78,1.8,19.5,2.8,GK,1.906325588959553,0.10632558895955291
628,Malheiro de Sá,Wolves,1,43,5,360,0,0,0,7,0.0,5.5,2.8,GK,-0.036432172202467084,-0.036432172202467084
629,Bentley,Wolves,1,40,0,0,0,0,0,0,0.0,0.0,2.8,GK,-0.036432172202467084,-0.036432172202467084
631,Agbadou,Wolves,2,43,11,560,0,0,0,27,-0.8,24.2,2.8,DEF,-0.4458294508057147,0.35417054919428537
632,Doherty,Wolves,2,44,2,291,0,0,0,15,0.5,7.6,2.8,DEF,0.3553471054034869,-0.1446528945965131
633,Bueno López,Wolves,2,44,21,792,0,0,1,83,1.0,50.9,2.8,DEF,2.3096708824873944,1.3096708824873944
634,Mosquera Valdelamar,Wolves,2,43,1,182,0,0,0,2,-0.8,4.2,2.8,DEF,-0.443274168218321,0.35672583178167905
635,Martins Gomes,Wolves,2,45,13,331,1,0,0,20,0.8,20.5,2.8,DEF,0.5422260108719702,-0.25777398912802985
636,Ignacio Bueno,Wolves,2,44,25,664,1,1,0,77,2.0,30.7,2.8,DEF,1.7059978277679448,-0.29400217223205516
637,Gomes,Wolves,2,43,6,525,0,0,0,18,0.2,17.8,2.8,DEF,0.14573963376292254,-0.05426036623707747
638,Hoever,Wolves,2,39,5,249,0,0,0,16,0.8,13.1,2.8,DEF,0.5453192476882889,-0.25468075231171117
639,Meupiyou Menadjou,Wolves,2,40,0,0,0,0,0,0,0.0,0.0,2.8,DEF,-0.036432172202467084,-0.036432172202467084
640,Cardoso de Lima,Wolves,2,40,0,0,0,0,0,0,0.0,0.0,2.8,DEF,-0.036432172202467084,-0.036432172202467084
641,Pond,Wolves,2,39,0,0,0,0,0,0,0.0,0.0,2.8,DEF,-0.036432172202467084,-0.036432172202467084
642,Hee-chan,Wolves,3,58,16,366,1,0,0,55,0.8,13.7,2.8,MID,0.7447055889792784,-0.055294411020721634
643,Trindade da Costa Neto,Wolves,3,53,25,703,0,0,0,114,2.0,14.4,2.8,MID,2.1199677173170555,0.11996771731705547
644,Bellegarde,Wolves,3,52,13,474,0,0,0,64,1.2,18.5,2.8,MID,1.1337950954406075,-0.06620490455939243
645,López González,Wolves,3,52,7,116,0,1,0,24,0.2,11.0,2.8,MID,0.16201274918790365,-0.03798725081209636
646,Gomes da Silva,Wolves,3,53,24,835,0,0,1,131,1.5,26.6,2.8,MID,1.9235401242851529,0.42354012428515286
647,Ganchinho Guedes,Wolves,3,55,0,0,0,0,0,0,0.0,0.0,2.8,MID,-0.036432172202467084,-0.036432172202467084
648,Munetsi,Wolves,3,54,35,802,1,2,0,126,4.0,38.7,2.8,MID,4.120286580974049,0.12028658097404943
649,Traoré,Wolves,3,50,0,0,0,0,0,0,0.0,0.0,2.8,MID,-0.036432172202467084,-0.036432172202467084
650,Chirewa,Wolves,3,44,0,0,0,0,0,0,0.0,0.0,2.8,MID,-0.036432172202467084,-0.036432172202467084
651,Edozie,Wolves,3,44,0,0,0,0,0,0,0.0,0.0,2.8,MID,-0.036432172202467084,-0.036432172202467084
652,González Medina,Wolves,3,44,0,0,0,0,0,0,0.0,0.0,2.8,MID,-0.036432172202467084,-0.036432172202467084
653,Hodge,Wolves,3,45,0,0,0,0,0,0,0.0,0.0,2.8,MID,-0.036432172202467084,-0.036432172202467084
654,Strand Larsen,Wolves,4,63,21,707,1,0,2,60,3.0,28.3,2.8,FWD,2.711536801885692,-0.2884631981143082
655,Soares Silva,Wolves,4,49,0,0,0,0,0,0,0.0,0.0,2.8,FWD,-0.036432172202467084,-0.036432172202467084
656,Kalajdžić,Wolves,4,49,1,14,0,0,0,1,0.0,0.7,2.8,FWD,-0.036432172202467084,-0.036432172202467084
657,Chiwome,Wolves,4,44,0,0,0,0,0,0,0.0,0.0,2.8,FWD,-0.036432172202467084,-0.036432172202467084
658,Fraser,Wolves,4,44,0,0,0,0,0,0,0.0,0.0,2.8,FWD,-0.036432172202467084,-0.036432172202467084
663,Arias,Wolves,3,51,19,545,0,0,1,90,1.2,31.7,2.8,MID,1.5288020984201114,0.32880209842011143
682,Møller Wolfe,Wolves,2,44,8,149,0,1,0,15,0.2,6.3,2.8,DEF,0.3618025561505869,0.16180255615058686
695,Tchatchoua,Wolves,2,45,12,517,0,0,0,17,0.8,22.9,2.8,DEF,1.3319710397165156,0.5319710397165156
709,Krejcí,Wolves,2,45,17,720,1,1,0,64,1.2,39.5,2.8,DEF,1.3053423053847282,0.10534230538472822
720,Arokodare,Wolves,4,55,9,208,0,0,0,25,0.8,9.8,2.8,FWD,0.7585579103740971,-0.0414420896259029
749,Mané,Wolves,4,45,1,20,0,0,0,1,1.0,0.9,2.8,FWD,0.9517577780324489,-0.048242221967551124
