year,tournament,surface,tourney_level,avg_sets_R16,avg_diff_games_R16,avg_tot_games_R16,avg_rank_R16,fave_ratio_R16,avg_sets_QF,avg_diff_games_QF,avg_tot_games_QF,avg_rank_QF,fave_ratio_QF,avg_sets_SF,avg_diff_games_SF,avg_tot_games_SF,avg_rank_SF,fave_ratio_SF,avg_sets_F,avg_diff_games_F,avg_tot_games_F,avg_rank_F,fave_ratio_F
1968,Rome,Clay,M,4.0,6.625,36.875,,0.0,4.0,6.25,38.75,,0.0,3.5,10.0,27.0,,0.0,5.0,6.0,52.0,,0.0
1968,Toronto,Clay,M,3.625,8.5,35.0,,0.0,3.25,5.5,24.5,,0.0,4.0,7.5,34.5,,0.0,3.0,11.0,27.0,,0.0
1968,Cincinnati,Clay,M,2.75,3.0,29.0,,0.0,2.25,5.0,24.0,,0.0,3.0,4.0,35.0,,0.0,3.0,5.0,25.0,,0.0
1968,Roland Garros,Clay,G,3.25,9.5,29.5,,0.0,4.25,7.0,39.5,,0.0,4.0,6.5,36.5,,0.0,4.0,8.0,32.0,,0.0
1968,Wimbledon,Grass,G,3.875,6.375,39.125,,0.0,4.0,7.25,42.75,,0.0,3.5,6.0,44.0,,0.0,3.0,9.0,27.0,,0.0
1968,US Open,Grass,G,4.0,6.0,42.0,,0.0,3.75,7.25,48.25,,0.0,4.0,6.5,44.5,,0.0,5.0,3.0,65.0,,0.0
1968,Australian Chps.,Grass,G,3.5,5.125,36.875,,0.0,4.25,7.5,43.0,,0.0,3.5,6.5,41.5,,0.0,4.0,2.0,46.0,,0.0
1969,Rome,Clay,M,3.75,7.375,33.875,,0.0,3.25,10.5,28.5,,0.0,5.0,5.0,57.0,,0.0,5.0,6.0,48.0,,0.0
1969,Toronto,Clay,M,3.125,8.0,27.0,,0.0,4.75,4.25,45.75,,0.0,4.0,8.0,36.0,,0.0,4.0,8.0,38.0,,0.0
1969,Cincinnati,Clay,M,2.25,4.875,22.125,,0.0,2.25,4.25,22.25,,0.0,2.0,7.0,17.0,,0.0,2.0,9.0,15.0,,0.0
1969,Roland Garros,Clay,G,3.625,7.25,33.75,,0.0,4.5,7.0,45.0,,0.0,3.5,11.0,30.0,,0.0,3.0,7.0,29.0,,0.0
1969,Wimbledon,Grass,G,4.125,3.375,42.125,,0.0,4.0,6.0,42.0,,0.0,4.0,7.0,45.0,,0.0,4.0,4.0,42.0,,0.0
1969,US Open,Grass,G,4.125,7.25,45.0,,0.0,4.0,6.5,49.5,,0.0,4.0,4.5,50.5,,0.0,4.0,11.0,39.0,,0.0
1969,Australian Open,Grass,G,3.375,7.875,33.625,,0.0,4.0,6.75,48.25,,0.0,4.0,5.0,63.0,,0.0,3.0,7.0,31.0,,0.0
1970,Rome,Clay,M,3.625,7.875,35.875,,0.0,4.0,7.0,38.5,,0.0,4.0,5.5,38.5,,0.0,4.0,3.0,39.0,,0.0
1970,Montreal / Toronto,Clay,M,2.25,5.875,20.375,,0.0,2.25,5.5,22.5,,0.0,3.0,2.0,37.0,,0.0,3.0,7.0,25.0,,0.0
1970,Cincinnati,Clay,M,2.5,6.125,22.875,,0.0,2.5,4.25,25.25,,0.0,2.5,8.5,19.5,,0.0,3.0,2.0,46.0,,0.0
1970,Roland Garros,Clay,G,3.875,6.125,37.625,,0.0,4.0,6.75,43.25,,0.0,5.0,2.0,48.0,,0.0,3.0,12.0,24.0,,0.0
1970,Wimbledon,Grass,G,3.625,7.625,37.875,,0.0,3.75,8.25,43.75,,0.0,3.5,9.0,33.0,,0.0,5.0,6.0,46.0,,0.0
1970,US Open,Grass,G,3.875,6.0,39.25,,0.0,3.25,7.25,33.75,,0.0,3.0,9.0,28.0,,0.0,4.0,2.0,40.0,,0.0
1970,Australian Open,Grass,G,3.625,6.0,41.5,,0.0,4.0,5.75,55.25,,0.0,4.5,1.5,31.5,,0.0,3.0,8.0,34.0,,0.0
1970,Masters,Carpet,M,0.0,,,,,0.0,,,,,0.0,,,,,3.0,3.0,29.0,,0.0
1971,Rome,Clay,M,2.625,4.75,24.5,,0.0,2.75,3.5,24.5,,0.0,3.5,8.5,32.5,,0.0,3.0,8.0,30.0,,0.0
1971,Montreal / Toronto,Clay,M,2.125,6.5,18.75,,0.0,2.25,3.5,22.5,,0.0,2.0,5.0,21.0,,0.0,4.0,3.0,43.0,,0.0
1971,Cincinnati,Clay,M,2.25,3.625,22.625,,0.0,2.25,6.5,20.0,,0.0,2.0,7.0,17.0,,0.0,2.0,4.0,22.0,,0.0
1971,Roland Garros,Clay,G,4.125,5.375,40.125,,0.0,4.25,5.5,40.0,,0.0,3.5,7.5,31.5,,0.0,4.0,4.0,42.0,,0.0
1971,Wimbledon,Grass,G,3.75,5.375,40.125,,0.0,3.5,7.0,40.0,,0.0,3.0,11.0,27.0,,0.0,5.0,1.0,49.0,,0.0
1971,US Open,Grass,G,3.25,5.5,30.0,,0.0,3.0,8.75,29.25,,0.0,5.0,0.5,49.5,,0.0,4.0,5.0,39.0,,0.0
1971,Australian Open,Grass,G,4.0,7.0,39.25,,0.0,3.25,7.75,30.25,,0.0,3.0,6.0,32.0,,0.0,3.0,10.0,28.0,,0.0
1971,Masters,Carpet,M,0.0,,,,,0.0,,,,,0.0,,,,,0.0,,,,
1972,Rome,Clay,M,2.5,5.5,24.5,,0.0,2.5,4.25,24.75,,0.0,3.5,5.5,32.5,,0.0,4.0,9.0,37.0,,0.0
1972,Montreal / Toronto,Clay,M,2.125,5.625,20.625,,0.0,2.0,4.75,14.75,,0.0,2.5,2.5,25.5,,0.0,2.0,5.0,19.0,,0.0
1972,Cincinnati,Clay,M,2.625,3.375,23.625,,0.0,2.5,3.75,23.25,,0.0,2.5,4.0,22.0,,0.0,2.0,6.0,18.0,,0.0
1972,Roland Garros,Clay,G,3.875,7.875,37.875,,0.0,4.25,7.25,43.75,,0.0,4.0,7.0,36.0,,0.0,4.0,11.0,33.0,,0.0
1972,Wimbledon,Grass,G,3.625,7.125,31.125,,0.0,3.0,10.5,26.5,,0.0,3.5,6.5,33.5,,0.0,5.0,4.0,50.0,,0.0
1972,US Open,Grass,G,3.875,3.875,40.125,,0.0,4.0,4.75,41.25,,0.0,3.5,8.0,34.0,,0.0,5.0,4.0,50.0,,0.0
1972,Australian Open,Grass,G,3.5,7.875,30.625,,0.0,4.0,5.5,41.0,,0.0,3.5,6.5,35.5,,0.0,3.0,6.0,34.0,,0.0
1972,Masters,Carpet,M,0.0,,,,,0.0,,,,,3.5,5.5,12.5,,0.0,5.0,3.0,43.0,,0.0
1973,Rome,Clay,M,2.0,6.75,18.0,,0.0,2.25,5.75,21.25,,0.0,5.0,2.5,48.5,,0.0,3.0,15.0,21.0,,0.0
1973,Toronto,Clay,M,2.75,2.75,26.5,,0.0,2.0,4.75,20.75,,0.0,2.0,4.5,20.5,,0.0,3.0,12.0,24.0,,0.0
1973,Cincinnati,Clay,M,2.125,5.875,19.875,,0.0,2.25,7.25,18.25,,0.0,2.0,6.5,18.5,,0.0,3.0,3.0,31.0,,0.0
1973,Roland Garros,Clay,G,3.875,5.25,38.5,,0.0,3.75,6.75,36.25,,0.0,3.0,9.5,26.5,,0.0,3.0,12.0,24.0,,0.0
1973,Wimbledon,Grass,G,3.75,7.125,39.375,,0.0,4.75,3.75,48.25,,0.0,4.5,4.0,52.0,,0.0,3.0,9.0,33.0,,0.0
1973,US Open,Grass,G,3.5,7.25,34.25,19.125,0.875,3.5,7.0,34.0,6.75,1.0,3.5,7.0,38.0,9.0,0.0,5.0,2.0,44.0,7.0,1.0
1973,Australian Open,Grass,G,4.25,3.875,44.375,,0.0,4.0,4.75,42.25,,0.0,3.0,4.0,30.0,,0.0,4.0,9.0,41.0,,0.0
1973,Masters,Carpet,M,0.0,,,,,0.0,,,,,2.5,2.5,10.5,2.5,0.5,4.0,6.0,40.0,1.0,1.0
1974,Rome,Clay,M,2.125,7.5,18.25,41.0,0.75,2.0,7.25,17.75,12.75,0.75,4.0,5.0,37.0,6.0,1.0,3.0,9.0,27.0,11.0,0.0
1974,Toronto,Clay,M,2.0,5.875,19.625,30.125,0.5,2.0,5.25,20.25,20.0,0.75,2.0,6.0,19.0,10.5,0.5,3.0,9.0,27.0,10.0,1.0
1974,Cincinnati,Clay,M,2.375,3.5,25.5,110.75,0.625,2.25,5.75,22.25,58.5,1.0,2.5,7.5,18.5,28.0,1.0,2.0,2.0,26.0,14.0,1.0
1974,Roland Garros,Clay,G,3.75,7.125,35.875,42.375,0.375,4.0,5.75,36.75,44.0,0.5,3.5,7.5,30.5,10.0,1.0,5.0,11.0,41.0,8.0,1.0
1974,Wimbledon,Grass,G,3.875,5.25,41.25,28.375,0.375,4.0,6.0,41.5,35.0,0.5,4.5,6.0,47.0,55.5,0.5,3.0,12.0,24.0,2.0,1.0
1974,US Open,Grass,G,3.75,7.5,39.0,12.125,0.75,4.25,5.25,39.25,7.5,0.75,3.5,4.5,40.5,3.5,0.5,3.0,16.0,20.0,1.0,1.0
1974,Australian Open,Grass,G,4.125,5.375,43.375,49.75,0.5,3.5,7.25,34.25,30.75,0.5,3.5,6.0,33.0,26.0,0.5,4.0,4.0,42.0,3.0,1.0
1974,Masters,Grass,M,0.0,,,,,0.0,,,,,3.5,7.5,34.5,7.5,0.5,5.0,1.0,49.0,9.0,0.0
1975,Rome,Clay,M,2.5,5.625,23.125,12.625,0.875,2.0,6.5,18.0,8.75,0.75,2.5,6.0,12.0,13.0,0.0,3.0,5.0,37.0,16.0,0.0
1975,Toronto,Clay,M,2.375,6.0,20.5,27.285714285714285,0.5,2.25,5.75,22.75,20.0,0.75,2.0,4.5,20.5,8.5,1.0,3.0,12.0,26.0,9.0,0.0
1975,Cincinnati,Clay,M,2.25,4.0,23.25,44.8,0.125,2.5,4.75,23.25,44.0,0.0,2.5,3.5,26.5,57.5,0.0,3.0,0.0,30.0,49.0,1.0
1975,Roland Garros,Clay,G,3.75,5.75,35.0,26.75,0.625,3.75,6.75,38.25,22.25,0.75,4.0,4.0,35.0,3.5,1.0,3.0,9.0,27.0,4.0,0.0
1975,Wimbledon,Grass,G,3.5,8.75,34.75,9.5,0.875,4.25,4.5,43.5,10.75,0.25,4.0,6.0,44.0,4.5,1.0,4.0,10.0,36.0,8.0,0.0
1975,US Open,Clay,G,3.25,7.375,28.125,15.375,0.75,3.25,8.0,29.5,4.5,0.75,4.0,3.5,41.5,5.0,0.5,3.0,8.0,28.0,9.0,0.0
1975,Australian Open,Grass,G,3.75,5.875,34.375,30.125,0.875,4.0,5.25,40.75,25.25,0.5,4.0,3.5,43.5,1.5,1.0,4.0,2.0,44.0,2.0,0.0
1975,Masters,Hard,M,0.0,,,,,0.0,,,,,3.5,9.0,30.0,6.5,0.5,3.0,13.0,23.0,8.0,0.0
1976,Rome,Clay,M,2.25,6.5,20.75,,0.0,2.5,2.75,18.75,,0.0,3.0,10.0,26.0,,0.0,4.0,2.0,42.0,,0.0
1976,Toronto,Clay,M,2.25,5.0,23.0,,0.0,2.75,3.5,26.5,,0.0,2.0,6.0,19.0,,0.0,3.0,7.0,31.0,,0.0
1976,Cincinnati,Clay,M,2.375,5.625,20.625,,0.0,2.25,7.0,20.0,,0.0,2.0,5.5,19.5,,0.0,2.0,4.0,22.0,,0.0
1976,Roland Garros,Clay,G,3.875,7.5,36.75,,0.0,4.25,4.0,39.5,,0.0,4.0,8.0,38.0,,0.0,4.0,6.0,40.0,,0.0
1976,Wimbledon,Grass,G,3.875,6.5,38.25,,0.0,3.25,9.0,30.0,,0.0,3.0,7.0,35.0,,0.0,3.0,8.0,34.0,,0.0
1976,US Open,Clay,G,3.875,5.25,38.0,,0.0,4.0,7.0,38.0,,0.0,3.0,9.5,26.5,,0.0,4.0,2.0,42.0,,0.0
1976,Australian Open,Grass,G,3.75,7.0,36.5,63.57142857142857,0.625,3.75,5.5,38.0,87.5,0.25,3.5,6.0,33.0,116.0,0.5,4.0,8.0,42.0,212.0,0.0
1976,Masters,Carpet,M,0.0,,,,,0.0,,,,,4.0,6.0,40.0,,0.0,5.0,2.0,46.0,,0.0
1977,Rome,Clay,M,2.375,4.75,20.5,25.125,0.375,2.25,3.5,23.0,22.25,0.5,4.0,5.5,41.5,23.0,0.5,4.0,3.0,43.0,13.0,1.0
1977,Toronto,Clay,M,2.375,5.125,23.875,33.75,0.5,2.25,5.25,22.25,24.75,0.75,2.5,3.0,25.0,28.0,0.0,2.0,11.0,13.0,31.0,0.0
1977,Cincinnati,Clay,M,2.0,4.0,15.25,49.166666666666664,0.375,2.25,6.25,20.25,18.666666666666668,0.5,1.5,2.0,12.0,13.5,0.5,2.0,7.0,17.0,13.0,1.0
1977,Roland Garros,Clay,G,3.625,7.375,33.625,13.875,0.625,4.0,7.25,37.75,11.0,0.75,3.0,10.0,28.0,4.0,1.0,3.0,15.0,21.0,3.0,1.0
1977,Wimbledon,Grass,G,4.125,4.5,42.0,26.285714285714285,0.625,4.0,7.75,40.75,4.0,0.75,4.5,3.5,44.5,1.5,0.5,5.0,6.0,46.0,2.0,0.0
1977,US Open,Clay,G,2.375,5.875,18.125,13.0,0.5,3.0,11.5,24.5,10.25,0.5,3.0,8.0,31.0,2.5,1.0,4.0,6.0,36.0,4.0,0.0
1977,Australian Open,Grass,G,3.75,7.25,36.75,25.625,0.75,3.75,4.5,37.5,19.0,0.75,4.0,4.0,36.0,8.0,1.0,3.0,9.0,27.0,10.0,0.0
1977,Australian Open-2,Grass,G,3.5,6.25,36.25,21.5,0.125,4.0,4.5,42.0,25.0,0.0,3.0,11.5,24.5,27.0,0.5,5.0,3.0,51.0,5.0,1.0
1977,Masters,Carpet,M,0.0,,,,,0.0,,,,,2.5,4.0,23.0,2.0,0.5,3.0,-1.0,27.0,1.0,1.0
1978,Rome,Clay,M,2.5,4.5,24.75,24.75,0.5,2.0,6.75,17.75,18.75,0.75,2.5,5.5,12.5,22.5,0.5,5.0,4.0,42.0,3.0,1.0
1978,Montreal / Toronto,Clay,M,2.125,6.625,18.375,,0.0,2.5,5.75,24.75,,0.0,3.0,1.5,32.5,,0.0,3.0,5.0,29.0,,0.0
1978,Cincinnati,Clay,M,2.375,5.25,23.0,59.125,0.625,2.25,7.5,19.5,21.0,1.0,2.0,7.0,17.0,6.5,1.0,3.0,5.0,29.0,6.0,1.0
1978,Roland Garros,Clay,G,3.25,8.375,31.125,11.125,0.625,3.5,8.75,30.75,7.75,0.5,3.0,13.5,22.5,2.5,1.0,3.0,13.0,23.0,3.0,0.0
1978,Wimbledon,Grass,G,3.5,7.5,33.75,9.5,0.875,3.5,6.75,35.25,9.5,0.75,3.0,8.5,30.5,2.0,1.0,3.0,11.0,25.0,3.0,0.0
1978,US Open,Hard,G,3.875,6.25,37.75,,0.0,3.25,10.5,29.5,,0.0,3.0,9.0,29.0,,0.0,3.0,10.0,26.0,,0.0
1978,Australian Open,Grass,G,3.625,7.375,34.625,30.0,0.25,4.0,6.5,39.0,17.333333333333332,0.5,4.0,5.5,36.5,3.0,0.5,4.0,4.0,38.0,3.0,0.0
1978,Masters,Carpet,M,0.0,,,,,0.0,,,,,2.5,4.5,23.5,8.5,0.5,3.0,4.0,34.0,4.0,1.0
1979,Rome,Clay,M,2.25,4.125,23.375,19.714285714285715,0.625,2.5,4.25,25.25,11.0,0.5,3.0,2.0,17.0,4.5,1.0,5.0,5.0,57.0,5.0,0.0
1979,Montreal / Toronto,Hard,M,2.125,6.625,18.625,24.285714285714285,0.75,2.0,7.5,17.0,11.25,0.75,2.0,7.0,17.0,2.0,1.0,2.0,6.0,18.0,1.0,1.0
1979,Cincinnati,Hard,M,2.25,5.5,21.25,30.875,0.375,2.25,7.5,18.0,30.25,0.5,2.0,6.5,19.5,14.0,0.5,2.0,6.0,18.0,23.0,0.0
1979,Roland Garros,Clay,G,4.125,7.0,37.0,12.75,0.625,3.5,8.25,31.25,9.0,0.75,3.5,10.0,32.0,15.5,0.5,4.0,9.0,39.0,2.0,1.0
1979,Wimbledon,Grass,G,3.75,5.875,39.625,22.0,0.375,4.0,7.25,38.75,11.5,0.75,3.0,9.0,28.0,4.0,0.5,5.0,6.0,48.0,2.0,1.0
1979,US Open,Hard,G,3.875,5.125,37.375,9.25,0.75,3.0,6.75,25.25,3.5,0.75,4.0,4.0,39.0,4.0,0.0,3.0,8.0,30.0,3.0,1.0
1979,Australian Open,Grass,G,3.625,6.125,36.875,55.57142857142857,0.375,4.25,3.25,44.25,27.0,0.75,4.0,2.5,46.5,26.0,0.5,3.0,8.0,30.0,6.0,1.0
1979,Masters,Carpet,M,0.0,,,,,0.0,,,,,2.5,4.5,27.5,2.5,0.5,2.0,8.0,16.0,1.0,1.0
1980,Rome,Clay,M,2.5,2.125,22.375,20.75,0.5,2.5,4.25,25.25,19.75,0.5,2.0,9.5,14.5,14.0,1.0,3.0,10.0,26.0,4.0,1.0
1980,Montreal / Toronto,Hard,M,2.375,6.875,21.625,46.0,0.375,2.25,4.75,20.75,45.0,0.75,2.0,8.5,15.5,6.0,1.0,2.0,0.0,0.0,10.0,0.0
1980,Cincinnati,Hard,M,2.375,4.5,23.0,32.285714285714285,0.375,2.25,6.25,20.75,36.0,0.5,2.0,5.5,19.5,7.0,0.5,2.0,4.0,22.0,7.0,0.0
1980,Roland Garros,Clay,G,2.875,6.625,24.875,10.125,1.0,3.75,7.75,33.75,3.75,0.75,4.0,10.5,34.5,3.0,0.5,3.0,11.0,25.0,1.0,1.0
1980,Wimbledon,Grass,G,3.875,6.75,39.0,9.125,0.625,3.5,7.5,32.5,8.25,0.75,4.0,8.5,34.5,1.5,1.0,5.0,1.0,55.0,1.0,1.0
1980,US Open,Hard,G,3.375,9.0,30.5,11.375,0.625,4.5,6.25,41.75,8.75,0.75,5.0,4.5,45.5,1.5,1.0,5.0,5.0,55.0,2.0,0.0
1980,Australian Open,Grass,G,3.5,6.875,35.625,24.142857142857142,0.5,4.5,5.5,44.5,24.0,0.5,4.5,4.5,46.5,26.5,0.5,3.0,7.0,33.0,17.0,1.0
1980,Masters,Carpet,M,0.0,,,,,0.0,,,,,2.5,4.5,25.5,3.5,0.5,3.0,10.0,26.0,1.0,1.0
1981,Rome,Clay,M,2.25,6.75,19.0,14.125,0.75,2.75,4.25,26.25,10.0,0.75,3.5,6.5,35.5,14.5,0.0,3.0,11.0,25.0,8.0,1.0
1981,Montreal / Toronto,Hard,M,2.5,4.875,23.625,24.333333333333332,0.375,2.25,6.5,19.0,20.5,0.5,3.0,3.5,26.5,7.5,1.0,2.0,7.0,17.0,4.0,1.0
1981,Cincinnati,Hard,M,2.5,3.625,24.375,38.875,0.375,2.75,3.5,22.5,41.0,0.5,2.5,4.5,27.5,37.5,0.5,2.0,5.0,19.0,1.0,1.0
1981,Roland Garros,Clay,G,3.5,7.625,34.125,8.625,0.75,3.75,6.75,35.75,7.75,0.25,4.0,4.0,41.0,3.0,1.0,5.0,9.0,41.0,1.0,1.0
1981,Wimbledon,Grass,G,3.25,7.125,32.625,22.285714285714285,0.75,3.75,6.5,37.0,2.0,0.75,4.0,4.0,38.0,1.5,0.5,4.0,2.0,46.0,2.0,0.0
1981,US Open,Hard,G,3.75,5.75,35.75,16.428571428571427,0.375,3.75,7.75,37.75,6.0,0.75,4.0,7.0,39.0,1.5,1.0,4.0,7.0,37.0,1.0,1.0
1981,Australian Open,Grass,G,3.75,6.5,36.25,30.125,0.625,3.5,6.5,35.5,33.75,0.25,4.0,7.0,41.0,36.5,0.5,4.0,6.0,44.0,19.0,1.0
1981,Masters,Carpet,M,0.0,,,,,0.0,,,,,2.5,5.0,24.0,5.5,0.0,5.0,2.0,52.0,2.0,1.0
1982,Rome,Clay,M,2.375,6.875,21.125,28.625,0.625,2.5,6.25,20.25,30.5,0.75,3.0,2.5,29.5,13.0,1.0,3.0,11.0,25.0,16.0,0.0
1982,Montreal / Toronto,Hard,M,2.25,5.625,21.875,18.857142857142858,0.5,2.0,5.25,19.75,3.0,0.75,1.0,2.0,10.0,4.5,0.0,3.0,6.0,26.0,5.0,0.0
1982,Cincinnati,Hard,M,2.25,5.375,22.125,9.428571428571429,0.625,1.5,3.75,14.75,6.5,0.5,2.0,6.5,18.5,11.5,0.0,2.0,5.0,21.0,4.0,1.0
1982,Roland Garros,Clay,G,3.875,8.5,36.5,10.125,0.625,3.25,9.25,29.25,11.25,0.5,3.5,6.0,34.0,11.0,0.5,4.0,4.0,36.0,18.0,0.0
1982,Wimbledon,Grass,G,3.0,7.75,29.25,13.375,0.75,4.0,6.0,40.5,15.5,0.5,3.0,11.0,25.0,2.0,1.0,5.0,2.0,54.0,3.0,0.0
1982,US Open,Hard,G,3.625,6.75,34.75,21.571428571428573,0.375,3.5,9.25,31.25,2.5,0.75,3.5,7.0,33.0,2.5,0.5,4.0,7.0,37.0,2.0,1.0
1982,Australian Open,Grass,G,2.375,5.25,22.25,20.0,0.25,4.25,6.25,39.75,19.333333333333332,0.0,5.0,0.0,54.0,12.5,0.5,3.0,10.0,26.0,12.0,1.0
1982,Masters,Carpet,M,3.0,3.75,26.75,10.5,0.5,2.0,4.5,21.0,2.5,1.0,2.0,7.0,17.0,2.0,0.5,3.0,8.0,28.0,3.0,0.0
1983,Rome,Clay,M,2.125,6.125,19.375,45.375,0.375,1.5,6.5,11.5,45.25,0.5,2.0,6.0,19.0,12.5,1.0,4.0,10.0,38.0,16.0,0.0
1983,Montreal / Toronto,Hard,M,2.5,6.625,22.125,19.857142857142858,0.625,2.0,6.5,18.5,22.25,0.75,2.0,6.0,19.0,42.5,0.5,2.0,8.0,16.0,2.0,1.0
1983,Cincinnati,Hard,M,2.25,6.25,20.75,18.75,0.75,1.75,5.75,13.75,3.0,1.0,2.5,7.5,22.5,3.5,0.5,2.0,4.0,20.0,6.0,0.0
1983,Roland Garros,Clay,G,3.25,8.375,29.875,4.0,0.875,4.0,8.0,37.0,6.0,0.0,3.5,12.5,30.5,5.5,0.5,3.0,7.0,33.0,6.0,0.0
1983,Wimbledon,Grass,G,3.25,8.75,31.25,18.333333333333332,0.25,3.5,7.25,36.75,6.666666666666667,0.5,4.0,4.0,48.0,2.0,0.5,3.0,12.0,24.0,2.0,0.0
1983,US Open,Hard,G,3.625,8.75,33.5,18.875,0.375,4.0,3.5,41.0,7.75,0.75,3.0,10.5,26.5,2.5,1.0,4.0,10.0,40.0,3.0,0.0
1983,Australian Open,Grass,G,3.25,7.125,31.875,21.375,0.625,3.5,7.25,32.75,9.5,0.75,3.5,7.5,33.5,3.0,0.5,3.0,9.0,27.0,5.0,0.0
1983,Masters,Carpet,M,2.0,4.75,20.25,13.0,0.5,2.25,3.25,16.25,2.5,1.0,2.0,5.5,18.5,1.5,1.0,3.0,7.0,29.0,2.0,0.0
1984,Rome,Clay,M,2.25,5.25,21.0,45.25,0.375,2.0,7.25,16.75,33.5,0.75,2.0,7.5,16.5,36.5,0.5,4.0,9.0,31.0,7.0,1.0
1984,Montreal / Toronto,Hard,M,2.5,2.5,26.0,57.25,0.75,2.25,5.75,20.25,11.25,0.75,3.0,1.5,30.5,9.5,1.0,2.0,9.0,15.0,1.0,1.0
1984,Cincinnati,Hard,M,2.125,5.75,20.75,48.375,0.875,2.75,4.5,29.0,9.75,1.0,2.5,0.5,27.5,9.5,0.5,2.0,4.0,22.0,4.0,1.0
1984,Roland Garros,Clay,G,3.5,7.625,31.625,4.875,0.875,3.75,5.5,37.0,2.5,1.0,3.0,9.5,28.5,1.5,1.0,5.0,-1.0,51.0,2.0,0.0
1984,Wimbledon,Grass,G,3.75,8.375,36.125,47.375,0.5,3.25,8.5,31.5,9.75,0.75,3.5,7.5,36.5,2.0,0.5,3.0,14.0,22.0,1.0,1.0
1984,US Open,Hard,G,3.125,8.625,29.375,12.75,0.75,3.25,7.5,31.0,6.0,0.75,5.0,2.5,52.5,1.5,1.0,3.0,10.0,26.0,1.0,1.0
1984,Australian Open,Grass,G,3.5,6.875,34.875,34.625,0.5,3.25,6.5,32.0,19.5,0.75,4.0,8.0,34.0,12.5,1.0,4.0,6.0,44.0,4.0,1.0
1984,Masters,Carpet,M,2.0,5.25,19.25,9.75,0.75,2.5,2.75,24.75,2.5,1.0,2.5,6.5,25.5,2.0,0.5,3.0,10.0,28.0,1.0,1.0
1985,Delray Beach,Hard,M,2.125,4.875,20.625,34.625,0.5,3.25,8.25,29.75,35.25,0.25,4.0,6.0,40.0,36.0,0.5,5.0,5.0,47.0,45.0,0.0
1985,Rome,Clay,M,2.25,5.125,21.125,43.875,0.5,2.0,6.5,18.5,24.0,0.5,2.0,6.0,18.0,19.5,0.5,4.0,5.0,39.0,23.0,0.0
1985,Montreal / Toronto,Hard,M,2.125,5.875,19.625,12.75,0.75,2.0,7.75,16.75,10.25,0.75,2.0,6.5,17.5,1.5,1.0,2.0,5.0,21.0,1.0,1.0
1985,Cincinnati,Hard,M,2.375,5.625,22.375,31.25,0.75,2.5,6.25,23.25,17.75,0.75,2.0,6.5,18.5,6.0,1.0,2.0,6.0,18.0,9.0,0.0
1985,Roland Garros,Clay,G,3.5,9.625,31.625,16.625,0.75,3.75,5.75,39.75,2.5,1.0,3.0,10.5,27.5,3.0,0.5,4.0,7.0,35.0,4.0,0.0
1985,Wimbledon,Grass,G,3.375,8.125,32.125,31.75,0.625,3.25,8.0,30.5,9.5,0.75,3.5,8.0,31.0,14.5,0.0,4.0,5.0,45.0,20.0,0.0
1985,US Open,Hard,G,3.75,6.625,36.875,10.125,0.75,3.0,8.25,19.25,2.5,1.0,4.0,6.0,38.0,1.5,1.0,3.0,6.0,32.0,2.0,0.0
1985,Australian Open,Grass,G,3.75,4.125,36.125,43.375,0.625,3.5,7.75,31.25,19.0,0.75,4.0,8.0,43.0,4.5,0.5,3.0,8.0,28.0,6.0,0.0
1985,Masters,Carpet,M,2.5,5.25,22.0,9.625,0.625,2.25,6.25,19.75,7.5,0.5,2.0,4.5,20.5,3.5,1.0,3.0,8.0,30.0,1.0,1.0
1986,Boca West,Hard,M,2.25,4.875,22.375,21.875,0.875,3.5,8.75,32.75,3.5,1.0,3.5,0.0,0.0,2.0,1.0,4.0,5.0,39.0,1.0,1.0
1986,Rome,Clay,M,2.125,5.875,19.625,22.375,0.875,2.0,5.75,18.75,10.25,0.75,2.5,2.5,24.5,17.5,0.5,4.0,10.0,36.0,1.0,1.0
1986,Montreal / Toronto,Hard,M,2.5,3.75,25.0,40.75,0.375,2.25,4.25,22.75,33.5,0.75,2.0,5.5,20.5,4.5,1.0,3.0,2.0,28.0,3.0,1.0
1986,Cincinnati,Hard,M,2.25,4.875,22.375,14.75,0.875,2.25,5.25,22.75,5.75,1.0,2.0,6.0,19.0,4.0,1.0,2.0,7.0,17.0,2.0,1.0
1986,Roland Garros,Clay,G,3.625,6.625,33.625,21.625,0.625,3.75,7.0,36.5,14.25,0.5,3.5,8.5,31.5,14.0,0.5,3.0,9.0,27.0,1.0,1.0
1986,Wimbledon,Grass,G,3.625,5.625,38.875,68.5,0.625,4.0,4.25,42.75,13.0,1.0,4.5,7.5,46.5,3.5,1.0,3.0,7.0,31.0,6.0,0.0
1986,US Open,Hard,G,3.375,8.875,32.625,13.25,0.875,3.5,8.5,30.0,5.75,0.75,4.0,5.5,38.5,8.0,0.5,3.0,12.0,24.0,1.0,1.0
1986,Masters Dec,Carpet,M,0.0,,,,,0.0,,,,,2.0,5.0,19.0,1.5,1.0,3.0,6.0,30.0,1.0,1.0
1987,Key Biscayne,Hard,M,3.75,7.625,35.125,21.625,0.75,4.0,7.5,35.5,5.5,0.75,3.0,1.0,22.0,5.0,0.5,3.0,8.0,32.0,9.0,0.0
1987,Indian Wells,Hard,M,2.25,4.5,19.0,11.125,0.625,2.5,5.75,22.25,3.5,1.0,2.0,6.5,18.5,2.5,1.0,3.0,6.0,32.0,3.0,0.0
1987,Rome,Clay,M,2.5,4.875,19.375,35.875,0.625,2.75,4.5,28.0,14.5,0.75,2.0,6.5,17.5,10.5,1.0,3.0,7.0,29.0,4.0,1.0
1987,Montreal / Toronto,Hard,M,2.25,5.375,17.625,22.75,0.875,2.5,3.75,23.75,3.5,1.0,2.0,5.0,20.0,2.0,1.0,2.0,3.0,23.0,1.0,1.0
1987,Cincinnati,Hard,M,2.25,5.125,22.625,30.75,0.875,2.25,4.75,16.25,7.75,1.0,2.0,6.5,17.5,3.5,1.0,2.0,7.0,17.0,3.0,1.0
1987,Roland Garros,Clay,G,4.125,7.5,39.75,10.5,0.875,3.25,9.25,30.25,3.0,1.0,3.0,9.0,28.0,2.5,0.5,4.0,4.0,42.0,1.0,1.0
1987,Wimbledon,Grass,G,3.625,5.375,37.125,10.125,0.875,3.25,6.5,34.0,5.75,0.75,3.5,5.5,34.5,6.0,0.5,3.0,7.0,33.0,11.0,0.0
1987,US Open,Hard,G,3.5,6.875,34.875,10.375,0.875,3.5,8.5,33.0,3.0,1.0,3.5,7.0,32.0,2.0,0.5,4.0,8.0,42.0,1.0,1.0
1987,Australian Open,Grass,G,4.25,6.75,41.25,53.875,0.75,3.25,8.25,29.75,25.25,0.75,3.5,4.5,39.5,14.5,0.5,5.0,3.0,49.0,5.0,1.0
1987,Masters,Carpet,M,0.0,,,,,0.0,,,,,2.5,5.5,22.5,2.0,0.5,3.0,11.0,25.0,1.0,1.0
1988,Key Biscayne,Hard,M,3.625,7.75,33.5,19.875,0.625,3.25,9.75,28.25,6.5,1.0,3.5,6.0,34.0,4.0,1.0,4.0,4.0,40.0,2.0,1.0
1988,Indian Wells,Hard,M,2.375,5.625,21.125,20.375,0.75,2.75,4.0,23.0,12.0,0.75,2.5,3.5,25.5,12.0,0.5,4.0,2.0,40.0,6.0,1.0
1988,Rome,Clay,M,2.25,5.625,21.625,23.375,0.75,2.5,6.5,21.5,20.75,0.25,2.0,6.0,18.0,13.5,1.0,5.0,2.0,46.0,1.0,1.0
1988,Montreal / Toronto,Hard,M,2.25,6.0,20.25,22.625,0.75,2.5,3.75,24.25,21.5,0.5,2.0,5.0,19.0,15.0,1.0,2.0,5.0,21.0,1.0,1.0
1988,Cincinnati,Hard,M,2.125,4.0,17.0,49.75,0.5,2.75,3.0,27.5,11.5,0.75,2.0,5.0,20.0,2.5,1.0,3.0,-1.0,35.0,2.0,1.0
1988,Roland Garros,Clay,G,4.125,6.375,40.375,12.625,0.375,3.25,7.5,33.5,12.25,0.75,4.0,8.0,39.0,8.5,1.0,3.0,11.0,27.0,3.0,1.0
1988,Wimbledon,Grass,G,3.75,6.0,40.5,16.0,0.75,3.25,7.5,32.0,4.75,0.5,4.5,3.5,44.5,5.5,0.5,4.0,5.0,41.0,3.0,1.0
1988,US Open,Hard,G,3.5,8.25,33.0,17.375,0.75,3.75,8.5,35.5,10.0,0.75,3.5,7.5,32.5,1.5,1.0,5.0,3.0,51.0,2.0,0.0
1988,Australian Open,Hard,G,3.375,8.25,31.5,34.75,0.75,3.25,8.0,31.5,3.25,1.0,5.0,7.0,44.0,5.0,0.0,5.0,6.0,52.0,3.0,1.0
1988,Masters,Carpet,M,0.0,,,,,0.0,,,,,2.0,3.0,24.0,3.0,1.0,5.0,1.0,55.0,4.0,0.0
1989,Key Biscayne,Hard,M,4.0,6.875,38.625,44.0,0.5,3.25,8.75,28.75,12.25,0.75,4.0,8.0,36.0,7.5,0.5,0.0,0.0,0.0,1.0,1.0
1989,Indian Wells,Hard,M,2.25,5.25,18.5,16.625,0.625,2.25,4.25,21.75,19.5,0.5,2.0,5.5,18.5,15.5,0.5,5.0,5.0,41.0,13.0,1.0
1989,Rome,Clay,M,2.125,4.875,19.375,57.25,0.375,2.25,7.0,20.5,45.25,0.75,2.0,5.5,18.5,15.0,1.0,5.0,3.0,47.0,25.0,0.0
1989,Montreal / Toronto,Hard,M,2.75,3.25,26.0,55.0,0.75,2.75,6.0,25.0,6.75,1.0,3.0,3.0,28.0,3.0,1.0,2.0,8.0,16.0,1.0,1.0
1989,Cincinnati,Hard,M,2.5,4.25,23.75,14.75,0.875,2.25,5.0,22.0,4.5,0.75,2.5,2.0,27.0,6.0,0.5,3.0,-1.0,31.0,9.0,0.0
1989,Roland Garros,Clay,G,4.375,5.0,40.75,15.75,0.75,3.25,7.5,31.0,12.75,0.75,4.5,5.0,46.0,11.0,0.5,5.0,6.0,44.0,19.0,0.0
1989,Wimbledon,Grass,G,3.375,5.375,33.375,21.25,0.875,3.25,7.75,32.25,3.5,0.75,4.0,3.0,45.0,2.5,0.5,3.0,9.0,29.0,2.0,1.0
1989,US Open,Hard,G,3.75,7.75,34.25,10.75,0.625,3.75,6.25,22.75,6.25,0.75,3.5,7.5,32.5,1.5,1.0,4.0,0.0,42.0,2.0,0.0
1989,Australian Open,Hard,G,3.25,8.625,30.125,56.5,0.625,2.5,6.5,24.0,28.75,0.5,3.5,8.0,35.0,7.5,1.0,3.0,12.0,24.0,2.0,1.0
1989,Masters,Carpet,M,0.0,,,,,0.0,,,,,2.0,3.5,22.5,2.5,0.5,4.0,7.0,39.0,3.0,0.0
1990,Paris Masters,Carpet,M,2.375,5.375,21.625,37.0,0.375,2.25,6.0,20.5,14.5,0.75,2.5,5.0,24.0,1.5,1.0,1.0,0.0,0.0,1.0,1.0
1990,Miami Masters,Hard,M,2.5,6.25,23.25,16.375,0.875,2.0,3.25,20.75,8.75,0.75,2.5,7.5,22.5,4.0,1.0,4.0,5.0,31.0,5.0,0.0
1990,Indian Wells Masters,Hard,M,2.25,4.875,21.125,15.5,0.875,2.0,7.0,18.0,8.75,0.75,2.0,7.0,17.0,5.5,0.5,4.0,2.0,48.0,3.0,1.0
1990,Monte Carlo Masters,Clay,M,2.25,5.375,21.875,42.0,0.625,2.5,4.5,25.5,53.25,0.5,2.5,5.5,23.5,25.0,0.5,3.0,8.0,30.0,20.0,1.0
1990,Hamburg Masters,Clay,M,2.25,4.75,21.0,37.875,0.5,2.25,5.75,19.75,37.75,0.25,2.5,3.0,26.0,14.5,1.0,3.0,12.0,26.0,26.0,0.0
1990,Rome Masters,Clay,M,2.125,5.5,20.25,24.875,0.5,2.25,6.25,20.25,11.75,1.0,3.0,1.5,35.5,16.0,0.0,3.0,13.0,23.0,17.0,0.0
1990,Canada Masters,Hard,M,2.375,5.75,21.5,25.75,1.0,2.5,3.25,26.75,26.25,0.5,3.0,2.5,29.5,19.5,0.5,3.0,2.0,32.0,24.0,0.0
1990,Cincinnati Masters,Hard,M,2.25,5.875,20.625,23.0,0.5,2.75,3.25,26.25,23.75,0.75,2.0,5.0,20.0,4.5,1.0,2.0,10.0,14.0,2.0,1.0
1990,Stockholm Masters,Carpet,M,2.25,4.375,22.375,21.75,0.5,2.5,5.0,23.5,10.5,1.0,2.0,4.5,20.5,1.5,1.0,3.0,11.0,25.0,2.0,0.0
1990,Roland Garros,Clay,G,3.375,5.75,31.75,41.75,0.625,3.75,7.5,34.5,11.25,1.0,3.5,8.0,33.0,6.0,1.0,4.0,3.0,37.0,7.0,0.0
1990,Wimbledon,Grass,G,3.625,5.875,37.875,40.5,0.875,3.75,6.5,37.0,11.0,1.0,3.5,7.5,35.5,2.5,0.5,5.0,4.0,44.0,3.0,0.0
1990,US Open,Hard,G,3.75,5.875,37.125,18.0,0.625,3.75,7.25,34.25,9.5,0.75,4.0,7.5,37.5,8.0,0.5,3.0,9.0,27.0,12.0,0.0
1990,Australian Open,Hard,G,3.625,6.875,29.375,29.0,0.625,3.25,7.75,31.25,8.0,0.75,3.0,12.5,23.5,2.0,1.0,3.0,0.0,0.0,1.0,1.0
1991,Paris Masters,Carpet,M,2.125,4.375,20.375,18.75,0.5,2.25,6.25,19.75,14.25,0.5,2.5,2.5,24.5,6.5,1.0,5.0,1.0,55.0,6.0,1.0
1991,Miami Masters,Hard,M,2.5,3.25,25.75,24.375,0.625,2.5,6.0,23.5,24.5,0.5,2.0,5.0,19.0,32.0,0.5,3.0,3.0,29.0,18.0,1.0
1991,Indian Wells Masters,Hard,M,2.625,3.75,24.25,22.0,0.875,2.5,5.0,21.5,13.75,0.75,2.0,5.5,18.5,15.5,0.0,5.0,3.0,51.0,26.0,0.0
1991,Monte Carlo Masters,Clay,M,2.375,7.0,19.75,29.25,0.75,2.0,6.0,19.0,22.25,0.75,2.0,6.5,17.5,8.5,1.0,4.0,2.0,48.0,15.0,0.0
1991,Hamburg Masters,Clay,M,2.25,5.375,19.875,38.125,0.625,2.25,4.0,16.5,22.75,0.5,3.0,0.0,29.0,23.5,0.5,5.0,3.0,43.0,26.0,0.0
1991,Rome Masters,Clay,M,2.5,6.0,23.0,41.25,0.5,2.0,5.0,20.5,38.0,0.5,2.0,7.0,17.0,60.5,0.5,3.0,0.0,0.0,16.0,1.0
1991,Canada Masters,Hard,M,2.5,3.375,23.875,43.875,0.625,2.5,3.5,27.0,20.25,0.75,2.5,2.5,27.5,36.0,0.0,3.0,2.0,28.0,32.0,1.0
1991,Cincinnati Masters,Hard,M,2.25,5.0,22.0,9.625,0.625,2.0,4.75,20.25,5.25,0.75,2.5,4.0,26.0,7.5,0.0,3.0,-1.0,31.0,7.0,1.0
1991,Stockholm Masters,Carpet,M,2.5,4.875,24.125,15.875,0.5,2.25,2.5,17.5,13.25,0.75,2.5,6.0,24.0,1.5,1.0,5.0,2.0,42.0,2.0,0.0
1991,Roland Garros,Clay,G,3.625,8.25,34.25,15.875,0.875,3.25,7.5,29.5,6.75,0.75,4.0,8.0,38.0,6.5,0.5,5.0,2.0,44.0,9.0,0.0
1991,Wimbledon,Grass,G,3.875,6.75,37.75,17.125,0.875,3.75,5.5,37.5,7.5,0.5,3.5,3.0,42.0,4.5,0.5,3.0,5.0,33.0,7.0,0.0
1991,US Open,Hard,G,3.625,6.125,35.375,36.0,0.875,3.75,6.25,37.25,46.0,0.75,3.0,9.0,27.0,3.5,1.0,3.0,12.0,24.0,2.0,1.0
1991,Australian Open,Hard,G,4.0,7.0,38.0,47.0,0.75,3.5,7.75,34.25,30.0,0.75,4.5,4.0,47.0,2.5,0.5,4.0,1.0,37.0,2.0,1.0
1992,Paris Masters,Carpet,M,2.125,4.875,21.625,26.375,0.75,1.75,3.0,19.0,18.75,0.5,2.0,6.5,18.5,11.5,0.5,4.0,4.0,40.0,9.0,1.0
1992,Miami Masters,Hard,M,2.375,4.875,23.375,27.0,0.875,2.75,4.75,29.25,13.75,0.75,2.0,4.5,21.5,16.5,0.0,2.0,4.0,24.0,9.0,1.0
1992,Indian Wells Masters,Hard,M,2.5,4.875,24.375,20.625,0.375,2.0,7.0,18.0,21.25,0.5,2.5,5.0,21.0,25.5,0.5,3.0,7.0,31.0,15.0,1.0
1992,Monte Carlo Masters,Clay,M,2.5,5.125,24.125,69.5,0.25,2.75,4.0,26.0,37.0,0.5,2.0,7.0,18.0,30.5,1.0,3.0,11.0,25.0,37.0,0.0
1992,Hamburg Masters,Clay,M,2.125,5.25,20.75,16.125,0.75,2.75,3.0,26.5,8.0,1.0,2.0,6.5,19.5,3.5,0.5,3.0,5.0,29.0,2.0,1.0
1992,Rome Masters,Clay,M,2.5,5.0,24.5,24.75,0.75,2.75,4.0,24.5,15.75,0.5,2.5,6.0,23.0,8.0,0.5,3.0,9.0,29.0,1.0,1.0
1992,Canada Masters,Hard,M,2.125,5.875,19.875,20.125,1.0,2.25,5.0,22.0,24.25,0.5,2.5,7.0,19.0,11.5,1.0,3.0,7.0,23.0,11.0,1.0
1992,Cincinnati Masters,Hard,M,2.125,4.125,19.625,30.625,0.625,2.0,6.75,17.75,5.25,1.0,2.0,7.0,17.0,7.0,0.0,3.0,3.0,27.0,3.0,1.0
1992,Stockholm Masters,Carpet,M,2.125,4.375,21.875,11.75,0.875,2.5,2.75,29.75,6.0,1.0,2.0,2.5,24.5,9.5,0.0,4.0,4.0,44.0,7.0,1.0
1992,Roland Garros,Clay,G,3.25,9.0,29.5,45.125,0.875,4.0,7.25,38.25,55.25,0.5,3.0,9.5,27.5,4.5,1.0,3.0,11.0,27.0,1.0,1.0
1992,Wimbledon,Grass,G,3.875,5.0,35.0,9.375,1.0,4.0,7.5,38.0,13.75,0.25,3.5,7.5,35.5,11.0,0.5,5.0,0.0,50.0,14.0,0.0
1992,US Open,Hard,G,4.25,5.0,40.25,7.125,1.0,4.25,7.25,40.75,2.5,1.0,4.5,6.0,46.0,2.5,0.5,4.0,4.0,40.0,2.0,1.0
1992,Australian Open,Hard,G,3.75,5.875,31.625,24.5,0.5,4.0,7.0,40.5,23.5,0.5,1.5,5.0,14.0,1.5,1.0,4.0,6.0,36.0,2.0,0.0
1993,Paris Masters,Carpet,M,2.5,4.125,26.625,10.0,0.75,2.75,3.0,29.0,11.75,0.25,3.0,-0.5,34.5,9.5,0.5,3.0,7.0,31.0,11.0,0.0
1993,Miami Masters,Hard,M,2.375,4.625,23.625,36.125,0.5,2.0,4.5,21.5,18.25,0.5,3.0,1.0,28.0,10.0,1.0,2.0,7.0,17.0,2.0,1.0
1993,Indian Wells Masters,Hard,M,2.25,4.875,22.625,18.125,0.875,2.25,5.75,21.75,11.25,1.0,2.0,4.0,21.0,9.0,1.0,3.0,11.0,25.0,1.0,1.0
1993,Monte Carlo Masters,Clay,M,2.375,6.875,19.875,30.625,0.625,2.0,5.75,18.75,15.0,1.0,2.5,1.0,25.0,22.5,0.0,2.0,7.0,19.0,16.0,1.0
1993,Hamburg Masters,Clay,M,2.625,3.625,24.625,43.375,0.375,2.5,6.0,24.0,48.0,0.25,2.5,3.0,28.0,42.5,1.0,4.0,5.0,45.0,11.0,1.0
1993,Rome Masters,Clay,M,2.125,4.875,20.375,23.0,0.625,2.25,5.25,22.25,4.75,1.0,2.5,7.0,24.0,4.0,0.5,3.0,13.0,23.0,2.0,1.0
1993,Canada Masters,Hard,M,2.125,5.875,20.625,32.5,0.375,2.25,6.0,20.5,40.25,0.5,2.0,4.0,22.0,57.5,0.5,3.0,2.0,28.0,95.0,0.0
1993,Cincinnati Masters,Hard,M,2.25,5.0,22.0,42.75,0.625,2.25,5.75,21.25,10.25,0.75,3.0,0.5,34.5,6.0,0.5,3.0,-2.0,28.0,9.0,0.0
1993,Stockholm Masters,Carpet,M,2.625,5.0,25.25,18.0,0.625,2.5,3.75,23.25,17.0,0.75,2.0,6.0,19.0,7.0,1.0,4.0,4.0,44.0,4.0,1.0
1993,Roland Garros,Clay,G,3.75,5.75,37.25,29.625,0.875,4.25,7.5,39.5,9.5,0.5,3.5,11.0,32.0,6.5,1.0,5.0,2.0,44.0,11.0,0.0
1993,Wimbledon,Grass,G,3.75,5.25,40.25,10.5,0.75,4.0,6.25,40.75,2.5,1.0,3.5,5.5,35.5,1.5,1.0,4.0,2.0,44.0,1.0,1.0
1993,US Open,Hard,G,3.75,6.125,37.875,17.75,0.75,4.0,6.5,39.0,13.75,0.5,3.5,9.5,33.5,8.0,1.0,3.0,7.0,29.0,2.0,1.0
1993,Australian Open,Hard,G,3.5,7.375,35.625,21.625,0.875,3.0,9.5,26.5,5.25,0.75,3.0,6.0,33.0,1.5,1.0,4.0,7.0,35.0,1.0,1.0
1994,Paris Masters,Carpet,M,2.0,3.625,18.875,7.875,0.875,2.25,2.25,26.25,9.25,0.25,2.5,4.0,26.0,11.5,0.0,4.0,6.0,40.0,7.0,1.0
1994,Miami Masters,Hard,M,2.25,5.875,21.375,36.25,0.625,2.5,4.5,22.5,20.75,0.75,2.0,4.5,20.5,16.0,1.0,3.0,4.0,30.0,1.0,1.0
1994,Indian Wells Masters,Hard,M,2.625,2.875,25.625,140.375,0.625,2.25,5.0,20.5,14.25,0.75,2.5,3.0,24.0,7.5,1.0,5.0,5.0,45.0,1.0,1.0
1994,Monte Carlo Masters,Clay,M,2.25,6.125,20.625,17.75,0.75,2.5,4.25,27.75,14.75,0.5,2.0,4.5,21.5,7.5,0.5,3.0,10.0,28.0,9.0,0.0
1994,Hamburg Masters,Clay,M,2.375,4.875,22.125,26.75,0.625,2.5,5.25,23.75,18.0,0.75,2.0,6.0,18.0,18.5,0.5,4.0,4.0,38.0,8.0,1.0
1994,Rome Masters,Clay,M,2.125,4.0,20.25,24.375,0.625,1.75,2.25,17.25,17.75,0.5,2.0,7.0,18.0,7.0,0.5,3.0,13.0,23.0,1.0,1.0
1994,Canada Masters,Hard,M,2.5,3.75,24.25,26.75,0.625,2.5,5.0,24.5,20.75,0.75,2.5,6.0,22.0,26.5,0.0,2.0,4.0,20.0,20.0,1.0
1994,Cincinnati Masters,Hard,M,2.25,5.5,21.25,36.375,0.5,2.5,2.5,19.0,20.25,0.75,2.0,5.0,20.0,5.5,1.0,2.0,6.0,20.0,7.0,0.0
1994,Stockholm Masters,Carpet,M,1.875,5.125,18.125,8.125,0.75,2.5,4.75,24.75,5.5,0.5,2.0,4.0,21.0,4.0,0.5,4.0,4.0,42.0,6.0,0.0
1994,Roland Garros,Clay,G,3.375,6.375,29.125,22.625,0.75,3.75,7.25,36.75,20.5,0.25,3.5,8.5,32.5,14.5,1.0,4.0,6.0,36.0,6.0,1.0
1994,Wimbledon,Grass,G,4.125,6.125,42.875,23.571428571428573,0.625,3.5,6.0,36.0,6.25,0.75,3.5,5.5,34.5,3.0,1.0,3.0,8.0,32.0,1.0,1.0
1994,US Open,Hard,G,3.875,5.5,35.75,29.75,0.625,4.0,6.75,40.75,22.25,0.5,3.5,7.0,35.0,12.0,0.5,3.0,8.0,32.0,20.0,0.0
1994,Australian Open,Hard,G,3.5,7.875,34.125,9.75,0.875,3.25,5.75,33.75,5.0,1.0,3.5,3.5,38.5,6.5,0.5,3.0,5.0,33.0,1.0,1.0
1995,Paris Masters,Carpet,M,2.375,2.375,22.625,17.75,0.75,2.25,4.75,22.25,6.25,0.75,2.5,5.5,21.5,3.5,1.0,3.0,5.0,33.0,2.0,1.0
1995,Miami Masters,Hard,M,2.375,4.875,23.375,32.125,0.75,2.5,5.5,22.5,15.75,1.0,3.0,5.0,29.0,1.5,1.0,3.0,2.0,30.0,2.0,0.0
1995,Indian Wells Masters,Hard,M,2.5,4.375,22.875,10.0,0.625,2.5,4.25,22.25,5.5,1.0,2.5,3.0,26.0,1.5,1.0,3.0,7.0,33.0,1.0,1.0
1995,Monte Carlo Masters,Clay,M,2.25,5.0,21.5,17.625,0.625,2.25,4.0,24.0,10.75,0.75,2.5,3.5,25.5,8.0,1.0,5.0,8.0,48.0,13.0,0.0
1995,Hamburg Masters,Clay,M,2.25,4.875,17.875,10.0,1.0,2.0,7.75,16.25,9.75,0.5,3.0,0.0,30.0,12.5,0.5,3.0,12.0,24.0,20.0,0.0
1995,Rome Masters,Clay,M,2.5,5.125,21.875,19.875,0.875,2.0,6.75,17.75,6.75,0.75,2.5,4.5,22.5,8.5,0.0,4.0,5.0,39.0,10.0,0.0
1995,Canada Masters,Hard,M,2.25,5.125,21.125,22.5,0.625,2.0,4.25,21.75,31.0,0.5,2.5,5.5,22.5,1.5,1.0,3.0,4.0,26.0,1.0,1.0
1995,Cincinnati Masters,Hard,M,2.375,4.25,23.75,12.625,0.875,2.75,4.25,27.75,6.75,0.5,2.5,4.5,24.5,3.0,1.0,2.0,6.0,20.0,1.0,1.0
1995,Essen Masters,Carpet,M,2.5,4.375,24.125,15.375,0.625,2.0,4.5,21.0,20.25,0.5,2.0,5.5,20.5,28.5,0.0,4.0,2.0,40.0,3.0,1.0
1995,Roland Garros,Clay,G,3.375,7.375,31.125,31.625,0.75,3.5,9.0,33.5,6.75,0.75,3.0,7.0,31.0,5.5,1.0,3.0,8.0,30.0,5.0,1.0
1995,Wimbledon,Grass,G,3.25,7.0,33.0,26.625,0.75,3.75,7.75,39.75,3.25,1.0,4.5,1.5,47.5,3.0,0.5,4.0,9.0,39.0,2.0,1.0
1995,US Open,Hard,G,3.375,6.875,32.875,22.25,0.75,3.5,4.75,38.25,5.5,0.75,4.0,3.0,45.0,1.5,1.0,4.0,5.0,41.0,2.0,0.0
1995,Australian Open,Hard,G,4.0,6.625,41.125,14.5,0.75,3.75,6.75,39.75,13.5,0.75,3.5,3.0,21.0,1.5,1.0,4.0,6.0,40.0,2.0,0.0
1996,Paris Masters,Carpet,M,2.375,4.375,23.125,22.875,0.375,2.25,4.0,23.5,20.25,0.5,2.5,5.0,22.0,8.0,1.0,3.0,8.0,30.0,12.0,0.0
1996,Stuttgart Masters,Carpet,M,2.125,5.125,21.125,11.375,0.75,2.0,6.0,18.5,8.75,0.75,2.0,5.0,19.0,3.5,0.5,5.0,2.0,46.0,6.0,0.0
1996,Miami Masters,Hard,M,2.375,3.875,23.125,25.125,0.75,2.25,4.0,22.5,7.0,0.5,2.5,2.5,23.5,4.5,0.5,1.0,0.0,0.0,3.0,1.0
1996,Indian Wells Masters,Hard,M,2.25,3.375,19.875,19.0,0.625,2.5,5.5,26.0,24.75,0.25,2.0,4.5,21.5,36.5,0.5,3.0,12.0,26.0,5.0,1.0
1996,Monte Carlo Masters,Clay,M,2.375,5.375,22.875,37.125,0.375,2.25,5.75,20.75,17.5,1.0,2.5,5.0,23.0,14.0,0.5,5.0,6.0,48.0,2.0,1.0
1996,Hamburg Masters,Clay,M,2.125,6.0,18.75,45.5,0.5,2.5,3.75,24.25,56.75,0.5,2.0,5.0,20.0,104.5,0.0,4.0,2.0,38.0,143.0,0.0
1996,Rome Masters,Clay,M,2.375,4.125,21.875,25.625,0.625,2.0,6.5,17.5,13.25,1.0,2.5,4.0,23.0,13.5,0.5,4.0,6.0,36.0,2.0,1.0
1996,Canada Masters,Hard,M,2.25,4.25,21.25,33.25,0.75,2.25,3.5,22.0,19.25,0.75,2.5,6.0,23.0,26.5,0.5,2.0,6.0,18.0,10.0,1.0
1996,Cincinnati Masters,Hard,M,2.625,4.75,27.5,5.625,0.75,2.25,3.5,24.0,6.0,0.5,2.5,6.0,20.0,5.0,0.5,2.0,3.0,23.0,7.0,0.0
1996,Roland Garros,Clay,G,3.25,8.75,30.0,17.0,0.625,4.5,6.25,44.25,9.75,1.0,3.0,10.0,27.0,11.5,0.0,3.0,4.0,38.0,7.0,1.0
1996,Wimbledon,Grass,G,3.25,7.125,32.375,32.25,0.625,3.75,4.0,44.5,24.25,0.5,4.0,7.5,44.5,16.5,0.5,3.0,8.0,28.0,13.0,1.0
1996,US Open,Hard,G,3.5,6.125,35.625,18.375,0.875,4.0,5.25,43.25,4.75,0.75,3.5,9.0,33.0,2.0,1.0,3.0,8.0,30.0,1.0,1.0
1996,Australian Open,Hard,G,3.75,7.875,33.625,25.5,0.75,3.5,7.5,33.0,19.5,0.75,3.0,10.0,27.0,4.5,0.5,4.0,6.0,34.0,4.0,1.0
1997,Paris Masters,Carpet,M,2.25,4.0,23.5,15.625,0.75,2.5,3.75,18.25,8.5,0.75,2.0,3.5,23.5,5.5,1.0,4.0,9.0,35.0,1.0,1.0
1997,Stuttgart Masters,Carpet,M,2.25,3.75,21.25,23.25,0.625,2.25,4.5,22.5,12.0,0.75,2.5,2.5,25.5,16.0,0.0,3.0,7.0,31.0,17.0,0.0
1997,Miami Masters,Hard,M,2.125,4.625,21.125,24.0,0.75,1.5,5.0,14.0,16.0,0.75,2.5,3.0,27.0,18.5,0.5,3.0,9.0,29.0,2.0,1.0
1997,Indian Wells Masters,Hard,M,2.25,4.5,22.75,26.875,0.75,2.0,6.0,18.5,20.75,0.75,2.0,6.5,18.5,23.0,0.0,4.0,6.0,38.0,3.0,1.0
1997,Monte Carlo Masters,Clay,M,2.375,4.75,24.0,38.75,0.625,2.25,6.25,18.75,31.5,0.5,2.0,3.5,21.5,14.0,0.5,3.0,8.0,28.0,10.0,1.0
1997,Hamburg Masters,Clay,M,2.125,6.5,19.25,36.125,0.25,2.5,4.0,24.0,45.75,0.5,2.5,5.5,22.5,26.5,0.5,3.0,12.0,24.0,38.0,0.0
1997,Rome Masters,Clay,M,2.375,3.875,23.875,32.5,0.375,2.5,3.0,26.5,11.5,1.0,2.5,3.5,25.5,12.0,0.5,3.0,7.0,33.0,15.0,0.0
1997,Canada Masters,Hard,M,2.375,4.625,22.875,20.75,0.75,2.25,4.25,24.25,19.75,0.75,2.5,5.5,24.5,35.0,0.0,3.0,3.0,31.0,57.0,0.0
1997,Cincinnati Masters,Hard,M,2.375,4.125,24.125,10.5,0.625,2.5,4.5,17.5,6.0,0.75,2.5,3.5,25.5,2.5,0.5,2.0,5.0,19.0,1.0,1.0
1997,Roland Garros,Clay,G,4.0,6.5,38.25,58.25,0.25,4.0,7.5,37.5,58.0,0.5,4.0,7.5,40.5,42.5,1.0,3.0,9.0,27.0,66.0,0.0
1997,Wimbledon,Grass,G,3.875,5.375,41.625,41.625,0.375,3.75,7.5,35.0,42.5,0.5,4.0,9.0,39.0,22.5,1.0,3.0,8.0,28.0,1.0,1.0
1997,US Open,Hard,G,3.75,5.0,38.25,15.875,0.625,3.5,4.0,29.5,13.25,0.5,4.0,6.0,37.0,17.0,0.0,4.0,7.0,39.0,14.0,1.0
1997,Australian Open,Hard,G,4.25,5.125,37.125,10.0,0.75,3.75,8.75,35.75,8.25,0.5,3.0,8.5,29.5,13.0,0.5,3.0,10.0,26.0,1.0,1.0
1998,Paris Masters,Carpet,M,2.5,3.125,27.625,13.25,0.75,2.25,5.5,20.5,12.0,0.5,2.5,3.0,26.0,7.0,0.5,3.0,6.0,32.0,13.0,0.0
1998,Stuttgart Masters,Hard,M,2.25,2.25,22.5,8.714285714285714,0.625,1.25,2.25,10.75,8.0,0.5,2.5,4.0,28.0,9.5,0.5,3.0,8.0,28.0,11.0,0.0
1998,Miami Masters,Hard,M,2.625,4.875,24.875,32.875,0.375,2.0,4.75,13.25,15.5,0.75,2.5,7.0,21.0,17.0,0.5,3.0,7.0,31.0,3.0,1.0
1998,Indian Wells Masters,Hard,M,2.125,5.25,20.5,31.75,0.625,2.75,2.25,27.75,39.75,0.5,2.0,5.0,21.0,6.5,1.0,4.0,5.0,45.0,7.0,0.0
1998,Monte Carlo Masters,Clay,M,2.25,6.125,20.375,20.375,0.5,2.75,4.5,26.0,15.25,0.5,3.0,1.5,27.5,17.0,0.0,3.0,11.0,27.0,18.0,0.0
1998,Hamburg Masters,Clay,M,2.375,4.75,23.0,17.875,0.625,2.25,3.25,17.25,14.5,0.75,2.0,2.0,13.0,17.5,0.5,3.0,0.0,0.0,26.0,0.0
1998,Rome Masters,Clay,M,2.25,5.25,22.0,31.125,0.5,2.0,6.0,18.5,11.25,0.75,2.5,6.0,23.0,11.5,0.5,0.0,0.0,0.0,3.0,1.0
1998,Canada Masters,Hard,M,2.5,4.625,24.125,14.875,0.875,2.5,6.25,23.25,9.25,0.5,2.5,5.0,24.0,7.0,1.0,2.0,3.0,23.0,5.0,1.0
1998,Cincinnati Masters,Hard,M,2.25,4.5,22.5,23.875,0.75,2.0,4.25,20.75,13.0,1.0,2.5,5.5,22.5,2.5,1.0,3.0,-2.0,30.0,3.0,0.0
1998,Roland Garros,Clay,G,3.875,6.25,37.75,21.0,0.75,4.0,6.0,37.5,14.5,0.75,3.5,8.5,32.5,13.0,1.0,3.0,8.0,30.0,12.0,1.0
1998,Wimbledon,Grass,G,3.5,7.125,34.625,22.125,0.75,3.0,6.5,31.5,14.5,0.5,4.5,5.0,56.0,13.0,0.5,5.0,3.0,53.0,1.0,1.0
1998,US Open,Hard,G,3.875,5.625,36.875,15.5,0.5,3.5,7.0,35.5,9.0,1.0,4.5,4.5,44.5,12.5,0.0,4.0,10.0,32.0,3.0,1.0
1998,Australian Open,Hard,G,3.625,6.75,34.25,21.875,0.875,4.5,6.75,42.75,29.0,0.25,3.5,9.0,28.0,7.5,1.0,3.0,12.0,24.0,7.0,1.0
1999,Paris Masters,Carpet,M,2.25,3.5,22.5,26.25,0.625,2.5,4.0,24.5,29.5,0.75,3.0,3.5,30.5,17.5,1.0,4.0,5.0,41.0,1.0,1.0
1999,Stuttgart Masters,Hard,M,2.125,4.375,21.625,15.375,0.75,2.25,5.75,20.75,8.25,0.5,2.5,5.5,22.5,13.0,0.0,4.0,7.0,41.0,18.0,0.0
1999,Miami Masters,Hard,M,2.5,4.875,23.875,27.75,0.375,2.25,5.25,22.75,29.5,0.5,2.5,5.5,21.5,40.5,0.5,4.0,9.0,37.0,7.0,1.0
1999,Indian Wells Masters,Hard,M,2.375,4.0,22.75,78.75,0.75,2.5,3.5,23.5,148.0,0.25,2.5,6.0,19.0,10.0,1.0,5.0,4.0,50.0,16.0,0.0
1999,Monte Carlo Masters,Clay,M,2.375,5.25,21.75,16.375,0.875,2.75,5.25,28.25,18.5,0.25,3.0,2.5,27.5,16.0,0.5,2.0,0.0,0.0,19.0,0.0
1999,Hamburg Masters,Clay,M,2.375,4.125,23.625,27.75,0.625,2.5,5.75,22.75,25.75,0.75,2.0,4.5,21.5,28.0,0.0,5.0,4.0,58.0,8.0,1.0
1999,Rome Masters,Clay,M,2.375,4.25,23.5,26.375,0.5,2.75,3.25,28.75,10.0,0.75,2.0,5.5,19.5,9.0,0.5,3.0,5.0,35.0,14.0,0.0
1999,Canada Masters,Hard,M,2.25,4.0,24.0,18.25,0.75,2.5,4.5,26.5,11.5,0.75,2.5,6.5,21.5,13.0,0.0,3.0,1.0,25.0,22.0,0.0
1999,Cincinnati Masters,Hard,M,2.0,5.0,20.5,11.5,0.875,2.0,6.0,19.5,2.5,1.0,2.0,4.5,20.5,2.5,0.5,2.0,4.0,22.0,1.0,1.0
1999,Roland Garros,Clay,G,3.625,6.0,36.75,45.125,0.5,3.25,10.25,29.75,49.5,0.25,4.0,2.0,43.0,57.0,0.5,5.0,-2.0,44.0,14.0,1.0
1999,Wimbledon,Grass,G,3.875,5.875,40.625,10.5,0.875,3.25,4.5,28.5,3.25,1.0,3.5,5.5,35.5,2.5,0.5,3.0,7.0,31.0,1.0,1.0
1999,US Open,Hard,G,3.125,5.625,30.125,36.0,0.625,4.0,1.75,44.25,9.5,0.75,3.5,7.5,29.5,4.5,1.0,5.0,7.0,53.0,2.0,1.0
1999,Australian Open,Hard,G,3.75,7.375,37.125,31.75,0.625,3.5,5.5,36.5,38.75,0.75,3.0,8.5,29.5,15.5,1.0,4.0,8.0,38.0,10.0,1.0
2000,Paris Masters,Carpet,M,2.375,3.5,24.5,19.125,0.625,2.5,2.75,28.25,8.0,1.0,2.0,5.0,21.0,8.0,0.5,5.0,-2.0,54.0,2.0,1.0
2000,Stuttgart Masters,Hard,M,2.125,3.625,20.125,30.0,0.25,2.5,4.5,23.0,16.0,0.75,2.5,5.0,25.0,13.5,0.5,5.0,2.0,56.0,19.0,0.0
2000,Miami Masters,Hard,M,2.125,3.125,20.625,21.5,0.375,2.25,3.0,23.5,5.75,1.0,2.5,6.0,21.0,4.0,0.5,4.0,6.0,46.0,2.0,1.0
2000,Indian Wells Masters,Hard,M,2.5,4.25,24.75,23.0,0.75,2.5,5.5,22.5,19.75,0.5,2.5,4.0,27.0,18.0,0.5,3.0,7.0,29.0,26.0,0.0
2000,Monte Carlo Masters,Clay,M,2.25,4.25,22.25,30.625,1.0,2.25,4.5,21.5,35.5,0.25,2.5,6.0,23.0,18.0,1.0,3.0,4.0,36.0,12.0,1.0
2000,Hamburg Masters,Clay,M,2.25,5.625,21.125,26.625,0.625,2.25,4.25,22.75,27.75,0.25,2.0,5.5,19.5,10.5,1.0,5.0,1.0,57.0,7.0,1.0
2000,Rome Masters,Clay,M,2.0,3.75,19.25,20.5,0.625,2.25,5.0,21.5,8.25,1.0,2.0,7.5,16.5,5.0,1.0,4.0,5.0,39.0,4.0,1.0
2000,Canada Masters,Hard,M,2.375,3.25,18.0,40.25,0.5,2.5,2.5,26.0,59.75,0.0,3.0,2.0,28.0,76.5,0.5,2.0,7.0,17.0,9.0,1.0
2000,Cincinnati Masters,Hard,M,2.25,4.5,21.5,26.875,0.5,2.25,5.75,22.75,19.5,0.75,2.5,5.5,25.5,12.0,0.5,2.0,3.0,23.0,8.0,1.0
2000,Roland Garros,Clay,G,3.625,6.75,35.5,14.125,0.625,4.0,4.75,38.25,17.25,0.25,4.0,5.5,37.5,4.0,1.0,4.0,4.0,38.0,5.0,0.0
2000,Wimbledon,Grass,G,3.875,6.75,38.0,62.75,0.5,3.25,5.75,35.25,65.5,0.75,4.0,5.0,42.0,12.0,0.5,4.0,6.0,44.0,3.0,1.0
2000,US Open,Hard,G,3.625,8.625,35.125,27.125,0.625,3.75,5.25,38.25,13.0,1.0,3.0,4.5,35.5,5.5,1.0,3.0,8.0,28.0,7.0,0.0
2000,Australian Open,Hard,G,3.75,6.0,37.0,18.375,0.75,3.25,8.0,31.0,4.25,0.75,4.0,7.5,38.5,1.5,1.0,4.0,6.0,36.0,1.0,1.0
2001,Paris Masters,Carpet,M,2.375,5.25,22.0,23.125,0.625,2.5,4.5,23.5,17.75,0.75,2.0,5.0,21.0,7.0,1.0,4.0,7.0,43.0,8.0,0.0
2001,Stuttgart Masters,Hard,M,2.75,2.625,29.125,19.75,0.625,2.5,4.25,24.25,19.0,0.5,2.5,2.5,24.5,33.5,0.0,3.0,12.0,24.0,14.0,1.0
2001,Miami Masters,Hard,M,2.25,4.25,21.25,37.375,0.625,2.25,5.0,21.0,9.25,1.0,2.5,6.5,24.5,11.0,0.5,3.0,12.0,26.0,3.0,1.0
2001,Indian Wells Masters,Hard,M,2.375,4.75,23.25,14.25,0.5,2.25,5.75,20.75,5.25,1.0,2.5,2.5,25.5,3.5,1.0,3.0,8.0,32.0,4.0,0.0
2001,Monte Carlo Masters,Clay,M,2.375,5.875,21.625,30.5,0.875,2.75,3.0,28.0,27.75,0.75,2.0,5.0,19.0,27.5,0.5,3.0,9.0,27.0,2.0,1.0
2001,Hamburg Masters,Clay,M,2.25,5.375,20.625,30.375,0.375,2.0,7.5,16.5,27.0,0.5,2.5,6.0,22.0,24.0,0.5,5.0,-1.0,49.0,42.0,0.0
2001,Rome Masters,Clay,M,2.125,5.625,19.625,38.5,0.5,2.25,7.0,19.0,26.5,0.75,2.0,6.0,18.0,5.0,1.0,5.0,4.0,42.0,9.0,0.0
2001,Canada Masters,Hard,M,2.75,4.0,25.75,24.0,0.625,2.75,5.0,26.5,25.25,0.25,2.0,4.0,8.0,26.0,0.5,3.0,0.0,30.0,43.0,0.0
2001,Cincinnati Masters,Hard,M,2.25,4.625,20.875,19.0,0.875,3.0,2.5,31.5,5.25,1.0,2.5,2.5,23.5,4.0,0.5,2.0,8.0,16.0,1.0,1.0
2001,Roland Garros,Clay,G,4.0,6.5,36.0,7.75,1.0,3.5,7.5,32.0,7.0,0.75,3.0,6.0,31.0,7.0,0.5,4.0,11.0,39.0,1.0,1.0
2001,Wimbledon,Grass,G,3.875,6.375,39.125,27.125,0.625,3.75,4.5,40.5,37.0,0.75,5.0,0.5,50.5,67.5,0.0,5.0,1.0,51.0,125.0,0.0
2001,US Open,Hard,G,3.375,6.75,33.25,18.5,0.75,3.75,6.0,39.0,6.0,0.5,3.0,10.5,26.5,7.0,0.5,3.0,11.0,27.0,4.0,1.0
2001,Australian Open,Hard,G,3.375,7.25,33.25,21.875,0.5,3.5,7.75,35.75,14.5,0.75,5.0,2.5,51.5,12.0,1.0,3.0,10.0,26.0,6.0,1.0
2002,Madrid Masters,Hard,M,2.375,5.5,23.25,20.25,0.75,2.25,4.75,22.25,17.25,0.75,2.5,3.5,23.5,5.5,1.0,0.0,0.0,0.0,2.0,1.0
2002,Paris Masters,Carpet,M,2.25,4.625,23.125,12.5,0.5,2.25,3.5,24.0,9.25,0.5,2.5,3.0,26.0,3.0,1.0,3.0,9.0,29.0,5.0,0.0
2002,Miami Masters,Hard,M,2.25,4.0,15.5,19.0,0.625,2.25,5.25,21.25,14.5,1.0,2.0,2.5,9.5,12.0,0.5,4.0,5.0,37.0,10.0,1.0
2002,Indian Wells Masters,Hard,M,2.25,4.375,22.125,26.625,0.625,2.0,5.25,19.25,22.25,0.75,2.0,6.0,18.0,6.0,1.0,2.0,9.0,15.0,1.0,1.0
2002,Monte Carlo Masters,Clay,M,2.375,4.625,20.625,11.75,0.875,2.5,3.75,23.25,10.75,0.75,3.0,3.5,26.5,15.0,0.5,3.0,7.0,31.0,4.0,1.0
2002,Hamburg Masters,Clay,M,2.125,4.125,21.875,26.75,0.625,2.75,5.5,24.5,23.25,0.5,2.0,2.0,10.0,9.5,1.0,3.0,10.0,26.0,14.0,0.0
2002,Rome Masters,Clay,M,2.25,5.125,21.375,21.25,0.75,2.25,4.0,22.5,11.25,1.0,2.0,5.5,20.5,8.0,1.0,3.0,12.0,24.0,9.0,0.0
2002,Canada Masters,Hard,M,2.375,4.25,23.75,14.25,0.75,2.25,5.0,22.0,11.75,0.5,2.5,2.5,25.5,15.5,0.5,2.0,4.0,22.0,19.0,0.0
2002,Cincinnati Masters,Hard,M,2.5,4.25,24.25,22.0,0.75,2.0,4.0,22.5,16.25,0.75,2.5,5.0,26.0,9.0,0.5,2.0,3.0,25.0,17.0,0.0
2002,Roland Garros,Clay,G,3.75,7.0,37.25,14.25,0.625,3.75,7.0,38.5,13.75,0.5,3.5,7.0,32.0,16.5,0.0,4.0,12.0,32.0,22.0,0.0
2002,Wimbledon,Grass,G,4.25,3.875,44.625,163.25,0.875,4.75,4.5,47.0,18.25,0.75,4.0,3.5,38.5,16.5,1.0,3.0,12.0,24.0,1.0,1.0
2002,US Open,Hard,G,3.5,6.0,37.25,17.75,0.75,4.0,7.25,41.25,12.25,0.75,3.5,6.0,39.0,11.5,0.5,4.0,5.0,41.0,17.0,0.0
2002,Australian Open,Hard,G,4.0,6.75,41.75,37.25,0.5,3.0,5.25,26.75,15.5,1.0,5.0,2.5,48.5,14.5,0.5,4.0,2.0,42.0,18.0,0.0
2003,Madrid Masters,Hard,M,2.25,4.125,24.125,17.875,0.625,2.75,3.0,28.5,10.75,0.75,2.5,3.0,26.0,11.0,0.5,3.0,8.0,28.0,1.0,1.0
2003,Paris Masters,Carpet,M,1.875,3.5,20.75,44.5,0.5,2.25,5.25,21.25,60.5,0.5,2.5,3.0,27.0,111.0,0.0,3.0,6.0,34.0,31.0,1.0
2003,Miami Masters,Hard,M,2.0,4.75,18.75,28.625,0.75,3.0,2.75,33.75,7.25,0.75,2.0,6.0,18.0,3.5,1.0,2.0,6.0,18.0,2.0,1.0
2003,Indian Wells Masters,Hard,M,2.5,4.5,24.75,36.125,0.625,2.25,6.5,19.5,24.0,0.75,2.5,5.5,22.5,12.5,0.5,2.0,10.0,14.0,1.0,1.0
2003,Monte Carlo Masters,Clay,M,2.25,4.125,22.375,47.875,0.625,2.0,8.25,16.25,18.0,1.0,2.0,5.0,20.0,14.5,0.5,2.0,8.0,16.0,3.0,1.0
2003,Hamburg Masters,Clay,M,2.25,5.75,20.0,33.75,0.375,2.25,7.25,19.75,22.25,0.75,2.5,7.5,22.5,23.5,0.5,3.0,7.0,29.0,16.0,1.0
2003,Rome Masters,Clay,M,2.25,6.0,21.0,38.25,0.25,2.5,4.0,24.5,19.75,0.75,2.5,0.5,16.5,26.0,0.0,3.0,7.0,33.0,47.0,0.0
2003,Canada Masters,Hard,M,2.0,5.75,19.0,18.75,0.75,2.25,4.0,22.0,9.75,0.75,3.0,2.5,28.5,14.0,0.0,2.0,8.0,16.0,7.0,1.0
2003,Cincinnati Masters,Hard,M,2.375,5.25,23.25,21.375,0.75,2.0,6.5,18.5,19.75,0.5,2.0,2.5,24.5,22.5,0.5,3.0,0.0,36.0,4.0,1.0
2003,Roland Garros,Clay,G,3.375,7.875,32.875,15.25,0.75,4.75,4.5,46.0,16.25,0.5,3.0,5.0,34.0,24.5,0.5,3.0,12.0,24.0,3.0,1.0
2003,Wimbledon,Grass,G,3.875,5.25,39.75,48.875,0.25,3.75,5.5,37.5,18.25,1.0,3.0,7.0,31.0,26.5,0.5,3.0,6.0,34.0,5.0,1.0
2003,US Open,Hard,G,3.875,5.0,34.25,8.125,0.625,3.5,6.75,34.75,5.25,1.0,4.5,4.5,44.5,3.5,0.5,3.0,7.0,31.0,4.0,0.0
2003,Australian Open,Hard,G,4.0,4.125,35.125,17.625,0.625,3.75,7.75,43.75,21.75,0.5,3.5,7.5,31.5,19.0,0.5,3.0,13.0,23.0,2.0,1.0
2004,Madrid Masters,Hard,M,2.25,5.25,21.0,20.0,0.625,2.5,3.75,27.75,13.75,0.75,2.0,4.0,21.0,9.5,0.5,3.0,9.0,27.0,9.0,1.0
2004,Paris Masters,Carpet,M,2.0,4.625,18.875,31.0,0.5,2.25,3.75,24.75,38.75,0.25,2.5,2.5,26.5,35.0,1.0,3.0,7.0,31.0,7.0,1.0
2004,Miami Masters,Hard,M,2.375,4.0,24.25,23.25,0.625,2.5,5.25,25.25,16.25,0.75,2.5,6.0,23.0,3.5,1.0,3.0,0.0,0.0,3.0,1.0
2004,Indian Wells Masters,Hard,M,2.375,5.0,21.75,23.25,0.875,2.5,5.5,25.5,26.5,0.25,2.5,5.0,23.0,5.5,1.0,2.0,6.0,18.0,1.0,1.0
2004,Monte Carlo Masters,Clay,M,2.5,4.125,23.625,24.375,0.75,2.25,5.25,20.75,10.75,1.0,2.5,1.5,24.5,5.0,1.0,3.0,12.0,24.0,4.0,1.0
2004,Hamburg Masters,Clay,M,2.5,3.5,24.75,29.75,0.625,2.25,5.75,20.75,15.25,1.0,2.5,6.0,21.0,2.0,1.0,4.0,7.0,37.0,1.0,1.0
2004,Rome Masters,Clay,M,2.5,3.25,25.25,23.5,0.875,2.0,6.75,17.75,24.0,0.5,2.5,5.5,24.5,8.5,1.0,3.0,11.0,25.0,9.0,0.0
2004,Canada Masters,Hard,M,2.625,2.625,26.875,48.5,0.375,2.25,5.25,21.25,31.75,0.75,2.5,5.0,24.0,1.5,1.0,2.0,5.0,21.0,1.0,1.0
2004,Cincinnati Masters,Hard,M,2.375,4.5,24.5,22.125,0.625,2.0,5.25,19.25,12.5,0.75,2.5,4.5,27.5,10.5,0.5,3.0,4.0,26.0,11.0,0.0
2004,Roland Garros,Clay,G,3.25,5.625,33.375,16.75,0.875,3.25,7.25,31.75,16.0,0.75,3.5,8.5,32.5,23.5,0.5,5.0,0.0,46.0,44.0,0.0
2004,Wimbledon,Grass,G,3.375,5.375,33.125,23.0,0.625,3.25,8.0,33.0,19.75,0.75,3.5,6.0,37.0,1.5,1.0,4.0,3.0,45.0,1.0,1.0
2004,US Open,Hard,G,3.125,6.625,22.125,14.875,1.0,4.25,5.25,39.25,10.5,0.75,3.0,7.0,30.0,3.0,1.0,3.0,13.0,25.0,1.0,1.0
2004,Australian Open,Hard,G,3.5,8.25,32.25,20.625,0.75,3.5,3.5,32.0,23.75,0.75,4.0,3.5,40.5,44.0,0.5,3.0,7.0,31.0,2.0,1.0
2005,Madrid Masters,Hard,M,2.25,4.125,24.125,22.625,0.5,2.25,3.5,24.0,11.0,0.75,2.5,3.0,26.0,7.0,0.5,5.0,-1.0,49.0,2.0,1.0
2005,Paris Masters,Carpet,M,2.375,5.25,23.25,16.75,0.875,2.5,3.75,24.75,19.25,0.5,2.5,5.0,23.0,30.0,0.0,5.0,2.0,48.0,50.0,0.0
2005,Miami Masters,Hard,M,2.375,4.625,24.375,22.625,0.625,2.0,6.75,17.75,21.5,0.5,2.0,5.0,19.0,16.0,1.0,5.0,4.0,50.0,1.0,1.0
2005,Indian Wells Masters,Hard,M,2.0,5.125,17.125,9.125,0.75,1.75,4.0,18.0,5.0,0.75,2.5,4.5,27.5,1.5,1.0,3.0,8.0,28.0,1.0,1.0
2005,Monte Carlo Masters,Clay,M,2.375,5.25,20.5,33.5,0.75,2.5,5.5,23.5,49.0,0.25,2.5,5.0,26.0,13.0,1.0,4.0,4.0,34.0,17.0,0.0
2005,Hamburg Masters,Clay,M,2.375,5.125,21.125,42.125,0.375,2.25,5.25,21.25,36.25,0.75,2.0,7.5,16.5,28.5,1.0,3.0,6.0,34.0,1.0,1.0
2005,Rome Masters,Clay,M,2.375,6.0,21.75,26.375,0.5,2.75,5.0,25.0,13.0,1.0,2.5,2.5,28.5,9.0,0.5,5.0,1.0,51.0,7.0,1.0
2005,Canada Masters,Hard,M,2.25,5.0,21.0,25.125,0.625,2.0,6.75,17.25,28.0,0.5,2.0,4.0,21.0,4.5,1.0,3.0,5.0,27.0,2.0,1.0
2005,Cincinnati Masters,Hard,M,2.125,5.875,19.875,19.5,0.875,2.25,5.0,20.0,16.75,0.75,2.5,2.5,27.5,3.0,0.5,2.0,5.0,21.0,1.0,1.0
2005,Roland Garros,Clay,G,3.625,5.375,33.875,24.0,0.5,4.0,6.75,35.75,13.75,0.75,4.5,3.5,43.5,21.0,0.0,4.0,9.0,41.0,5.0,1.0
2005,Wimbledon,Grass,G,3.375,6.5,34.75,16.5,0.875,3.5,6.75,34.75,7.25,0.75,3.5,5.5,39.5,2.5,1.0,3.0,7.0,31.0,1.0,1.0
2005,US Open,Hard,G,4.125,6.875,40.125,22.875,0.625,4.5,5.5,41.0,14.5,0.75,4.5,4.5,45.5,4.0,1.0,4.0,5.0,37.0,1.0,1.0
2005,Australian Open,Hard,G,3.625,6.0,37.5,10.0,0.75,3.5,4.5,26.5,2.5,1.0,4.5,2.5,52.5,3.5,0.0,4.0,2.0,36.0,4.0,0.0
2006,Madrid Masters,Hard,M,2.0,3.0,20.25,17.625,0.625,2.5,3.0,29.0,6.5,0.75,2.0,8.0,16.0,5.5,1.0,3.0,13.0,25.0,1.0,1.0
2006,Paris Masters,Carpet,M,1.875,5.125,17.625,15.875,0.625,2.75,2.5,27.5,13.0,0.75,2.5,2.5,14.5,16.0,0.5,3.0,13.0,23.0,5.0,1.0
2006,Miami Masters,Hard,M,2.5,5.0,24.0,15.25,0.75,2.25,4.5,22.5,5.25,0.75,2.0,8.0,16.0,3.5,0.5,3.0,3.0,39.0,1.0,1.0
2006,Indian Wells Masters,Hard,M,2.25,5.0,19.0,20.125,0.625,2.25,5.5,21.5,19.5,0.75,2.0,6.0,19.0,7.5,0.5,3.0,11.0,27.0,1.0,1.0
2006,Monte Carlo Masters,Clay,M,2.375,5.25,20.25,10.0,0.875,2.0,8.0,16.5,8.0,0.75,2.5,7.0,22.0,1.5,1.0,4.0,7.0,43.0,2.0,0.0
2006,Hamburg Masters,Clay,M,2.25,5.375,21.125,23.75,0.5,2.5,4.5,26.5,17.75,0.75,2.0,3.5,22.5,14.0,1.0,3.0,11.0,25.0,12.0,1.0
2006,Rome Masters,Clay,M,2.0,4.875,18.625,15.5,0.875,2.25,5.5,22.0,10.25,0.75,2.5,4.5,23.5,1.5,1.0,5.0,-1.0,57.0,2.0,0.0
2006,Canada Masters,Hard,M,2.625,4.75,25.5,24.375,0.5,2.5,5.25,25.75,24.75,0.5,2.5,6.0,24.0,26.0,0.5,3.0,3.0,25.0,1.0,1.0
2006,Cincinnati Masters,Hard,M,2.125,3.875,22.375,13.125,0.75,2.0,4.5,21.0,15.75,0.5,2.0,5.5,18.5,21.5,0.5,2.0,5.0,19.0,12.0,1.0
2006,Roland Garros,Clay,G,3.375,5.125,31.375,23.25,0.625,3.0,5.5,22.5,2.5,1.0,3.0,3.5,15.5,1.5,1.0,4.0,3.0,37.0,2.0,0.0
2006,Wimbledon,Grass,G,4.125,4.875,43.375,16.0,0.875,3.75,5.5,39.5,19.5,0.5,3.0,12.0,25.0,1.5,1.0,4.0,9.0,41.0,1.0,1.0
2006,US Open,Hard,G,3.625,8.0,33.25,14.125,0.875,4.0,6.5,41.5,17.75,0.75,3.5,9.0,35.0,5.5,1.0,4.0,9.0,37.0,1.0,1.0
2006,Australian Open,Hard,G,3.75,6.75,34.75,23.75,0.75,4.25,4.75,41.75,21.0,0.75,4.5,6.5,42.5,27.5,0.5,4.0,10.0,38.0,1.0,1.0
2007,Madrid Masters,Hard,M,2.125,4.75,20.75,30.0,0.75,2.0,5.5,20.0,35.25,0.5,2.0,3.5,21.5,13.0,0.5,3.0,1.0,25.0,25.0,0.0
2007,Paris Masters,Hard,M,2.125,4.5,20.5,12.75,0.5,2.5,3.25,24.25,14.5,0.25,2.5,4.5,23.5,11.5,0.5,2.0,8.0,16.0,21.0,0.0
2007,Miami Masters,Hard,M,2.375,3.875,24.125,15.0,0.875,1.75,4.0,15.0,21.0,0.25,2.0,8.5,16.5,32.5,0.5,3.0,9.0,27.0,10.0,1.0
2007,Indian Wells Masters,Hard,M,2.25,5.0,20.25,11.875,0.75,2.25,3.0,25.0,8.0,0.75,2.0,6.0,18.0,7.5,1.0,2.0,6.0,20.0,2.0,1.0
2007,Monte Carlo Masters,Clay,M,2.375,4.5,23.75,19.5,0.625,2.5,6.5,23.0,9.5,0.75,2.0,6.5,18.5,1.5,1.0,2.0,4.0,20.0,2.0,0.0
2007,Hamburg Masters,Clay,M,2.5,4.0,22.75,17.125,0.5,2.5,3.5,25.5,15.0,0.75,3.0,2.5,28.5,1.5,1.0,3.0,6.0,22.0,1.0,1.0
2007,Rome Masters,Clay,M,2.25,6.625,20.375,14.0,0.75,2.25,5.0,19.5,16.25,0.75,2.5,5.5,25.5,4.0,1.0,2.0,8.0,16.0,2.0,1.0
2007,Canada Masters,Hard,M,2.5,5.0,23.5,23.375,0.75,2.25,4.25,22.75,16.75,0.5,2.0,5.0,21.0,2.5,0.5,3.0,-2.0,34.0,4.0,0.0
2007,Cincinnati Masters,Hard,M,2.125,5.0,21.25,20.625,0.625,2.5,4.5,23.5,8.5,0.75,2.5,4.5,26.5,4.5,0.5,2.0,7.0,17.0,1.0,1.0
2007,Roland Garros,Clay,G,3.25,7.375,31.875,24.375,0.875,3.25,8.0,29.5,3.25,1.0,3.0,6.0,34.0,1.5,1.0,4.0,6.0,38.0,2.0,0.0
2007,Wimbledon,Grass,G,3.125,5.875,32.125,8.75,0.875,4.25,3.5,47.5,5.5,0.75,3.0,3.5,15.5,1.5,1.0,5.0,0.0,52.0,1.0,1.0
2007,US Open,Hard,G,3.875,5.0,36.25,9.625,0.75,3.0,7.75,30.25,5.75,1.0,3.0,8.0,30.0,2.0,1.0,3.0,4.0,36.0,1.0,1.0
2007,Australian Open,Hard,G,4.0,6.125,39.375,10.25,0.625,3.5,7.0,32.0,7.25,0.5,3.0,12.5,23.5,5.0,1.0,3.0,5.0,33.0,1.0,1.0
2008,Madrid Masters,Hard,M,2.25,4.0,23.5,13.875,0.5,2.25,4.5,22.5,5.75,1.0,3.0,1.0,32.0,10.0,0.0,2.0,3.0,23.0,4.0,1.0
2008,Paris Masters,Hard,M,2.125,5.375,19.375,6.625,0.875,1.5,1.25,14.25,9.75,0.0,2.5,5.0,24.0,11.0,0.0,3.0,3.0,29.0,14.0,0.0
2008,Miami Masters,Hard,M,2.375,4.875,22.625,13.125,0.75,2.5,5.0,23.0,5.5,0.75,2.0,5.0,21.0,3.0,1.0,2.0,6.0,18.0,4.0,0.0
2008,Indian Wells Masters,Hard,M,2.5,4.25,25.0,23.875,0.625,2.0,2.5,21.5,26.0,0.75,2.0,7.0,17.0,50.5,0.0,3.0,5.0,29.0,3.0,1.0
2008,Monte Carlo Masters,Clay,M,2.375,5.625,21.125,13.0,0.75,2.5,6.0,23.5,2.5,1.0,2.0,3.5,8.5,1.5,1.0,2.0,4.0,24.0,2.0,0.0
2008,Hamburg Masters,Clay,M,2.125,6.75,19.5,26.0,0.5,2.25,6.0,21.0,12.25,0.75,2.5,5.0,22.0,1.5,1.0,3.0,4.0,34.0,2.0,0.0
2008,Rome Masters,Clay,M,2.25,2.875,22.375,13.25,0.625,2.5,2.25,22.75,15.0,0.5,1.5,0.0,0.0,13.5,0.5,3.0,4.0,28.0,3.0,1.0
2008,Canada Masters,Hard,M,2.5,3.625,23.625,17.125,0.625,2.5,6.25,22.75,17.5,0.5,2.5,3.5,28.5,19.5,0.5,2.0,7.0,17.0,2.0,1.0
2008,Cincinnati Masters,Hard,M,2.375,3.25,25.0,32.0,0.5,2.25,4.25,22.25,9.0,1.0,2.0,5.5,19.5,6.0,0.5,2.0,2.0,26.0,9.0,0.0
2008,Roland Garros,Clay,G,3.375,7.0,33.25,24.375,0.75,3.5,8.25,31.75,16.25,0.75,3.5,7.0,36.0,1.5,1.0,3.0,14.0,22.0,2.0,0.0
2008,Wimbledon,Grass,G,4.0,5.375,41.875,50.75,0.25,3.75,6.0,40.0,43.0,0.75,3.0,7.0,31.0,1.5,1.0,5.0,4.0,62.0,2.0,0.0
2008,US Open,Hard,G,3.75,7.375,36.375,25.25,0.75,3.75,4.75,39.25,3.0,1.0,4.0,6.0,41.0,4.0,0.5,3.0,10.0,28.0,2.0,1.0
2008,Australian Open,Hard,G,3.25,5.625,30.625,13.0,0.75,3.0,8.75,30.25,11.0,0.75,3.0,8.5,29.5,20.5,0.0,4.0,4.0,42.0,3.0,1.0
2009,Madrid Masters,Clay,M,1.75,3.375,16.875,10.375,0.875,2.25,4.5,24.0,3.0,0.75,2.5,2.0,27.0,1.5,1.0,2.0,4.0,20.0,2.0,0.0
2009,Paris Masters,Hard,M,2.5,3.25,20.5,9.0,0.625,2.25,1.25,19.75,8.75,0.5,2.5,4.5,24.5,9.5,0.0,3.0,3.0,33.0,3.0,1.0
2009,Miami Masters,Hard,M,2.125,6.375,19.875,5.375,0.875,2.5,4.25,23.75,4.0,0.75,3.0,5.5,26.5,3.5,0.5,2.0,6.0,20.0,4.0,0.0
2009,Indian Wells Masters,Hard,M,2.625,2.25,25.25,13.375,0.875,2.0,5.0,20.5,3.5,0.75,2.5,4.5,24.5,2.5,0.5,2.0,9.0,15.0,1.0,1.0
2009,Monte Carlo Masters,Clay,M,2.375,5.5,23.25,24.5,0.625,2.25,5.0,21.5,6.0,1.0,2.5,5.5,23.5,2.0,1.0,3.0,4.0,24.0,1.0,1.0
2009,Rome Masters,Clay,M,2.25,6.375,20.375,20.75,0.75,2.25,4.25,21.25,4.75,1.0,2.5,5.0,23.0,2.0,0.5,2.0,5.0,21.0,1.0,1.0
2009,Canada Masters,Hard,M,2.25,4.375,22.625,4.5,1.0,2.25,3.0,23.5,5.25,0.25,2.5,3.5,26.5,4.5,0.5,3.0,5.0,33.0,3.0,1.0
2009,Cincinnati Masters,Hard,M,2.5,4.125,24.375,16.75,0.625,2.25,4.75,22.25,2.5,1.0,2.0,6.0,19.0,2.5,0.5,2.0,7.0,19.0,1.0,1.0
2009,Shanghai Masters,Hard,M,2.25,4.125,15.625,16.125,0.75,2.5,3.75,17.75,13.75,0.75,2.5,0.5,16.5,5.0,0.5,2.0,4.0,22.0,8.0,0.0
2009,Roland Garros,Clay,G,3.625,8.5,35.5,10.625,0.625,3.25,9.25,28.75,11.0,0.5,5.0,2.0,50.0,13.5,0.5,3.0,8.0,30.0,2.0,1.0
2009,Wimbledon,Grass,G,3.625,6.0,36.5,26.375,0.5,3.75,5.5,40.5,11.25,0.75,3.5,4.0,40.0,4.0,0.5,5.0,-1.0,77.0,2.0,1.0
2009,US Open,Hard,G,3.375,7.125,28.375,8.0,0.625,3.75,7.25,36.75,3.5,1.0,3.0,8.5,30.5,3.5,0.5,5.0,1.0,53.0,6.0,0.0
2009,Australian Open,Hard,G,3.75,5.625,32.625,6.375,0.875,3.5,7.0,23.0,6.75,0.5,4.0,5.5,45.5,1.5,1.0,5.0,1.0,51.0,1.0,1.0
2010,Madrid Masters,Clay,M,2.0,6.0,19.0,17.125,0.5,2.25,6.25,19.75,12.75,0.5,3.0,4.0,28.0,2.0,1.0,2.0,3.0,23.0,3.0,0.0
2010,Paris Masters,Hard,M,2.5,3.25,26.5,11.25,0.5,2.25,5.0,21.5,13.75,0.5,3.0,1.5,38.5,9.5,0.5,2.0,6.0,20.0,5.0,1.0
2010,Miami Masters,Hard,M,2.375,3.625,22.375,14.25,0.625,2.25,5.25,21.25,9.75,0.75,2.5,6.0,22.0,14.0,0.0,2.0,4.0,22.0,8.0,1.0
2010,Indian Wells Masters,Hard,M,2.375,3.375,20.125,15.375,0.875,2.25,5.25,22.25,11.0,0.75,3.0,1.0,30.0,17.0,0.0,2.0,2.0,26.0,26.0,0.0
2010,Monte Carlo Masters,Clay,M,2.25,5.625,20.875,33.25,0.5,2.25,6.0,22.0,8.5,1.0,2.0,7.5,16.5,7.5,0.5,2.0,11.0,13.0,3.0,1.0
2010,Rome Masters,Clay,M,1.875,4.125,18.125,17.75,0.625,2.25,5.0,21.5,17.25,0.25,2.5,3.0,25.0,10.0,0.5,2.0,6.0,20.0,3.0,1.0
2010,Canada Masters,Hard,M,2.5,4.75,24.0,21.375,0.75,2.5,4.75,23.75,2.5,1.0,2.5,4.5,23.5,3.5,0.0,2.0,4.0,24.0,4.0,0.0
2010,Cincinnati Masters,Hard,M,2.25,3.25,24.25,10.625,0.75,2.5,3.75,26.75,17.75,0.25,2.5,4.5,24.5,19.0,0.5,3.0,2.0,36.0,2.0,1.0
2010,Shanghai Masters,Hard,M,2.125,6.0,19.5,14.375,0.75,2.25,7.5,20.0,12.5,0.75,2.0,5.5,19.5,3.5,0.5,2.0,7.0,17.0,4.0,0.0
2010,Roland Garros,Clay,G,3.125,6.75,28.25,11.5,0.625,3.75,5.0,37.0,13.25,0.25,4.0,6.0,39.0,4.5,1.0,3.0,8.0,28.0,2.0,1.0
2010,Wimbledon,Grass,G,3.875,6.125,39.375,15.125,0.875,3.75,7.75,35.25,5.25,0.75,3.0,6.0,32.0,7.0,0.5,3.0,7.0,31.0,1.0,1.0
2010,US Open,Hard,G,3.75,6.25,38.75,9.875,0.875,3.5,6.0,35.0,5.0,1.0,4.0,8.0,39.0,2.0,0.5,4.0,6.0,40.0,1.0,1.0
2010,Australian Open,Hard,G,4.125,6.125,42.125,5.875,0.875,4.25,2.5,33.0,7.25,0.25,3.5,8.0,31.0,2.5,1.0,3.0,6.0,32.0,1.0,1.0
2011,Madrid Masters,Clay,M,1.875,3.75,18.75,10.875,0.875,2.25,4.5,22.5,10.5,0.75,3.0,5.5,27.5,1.5,1.0,2.0,4.0,22.0,2.0,0.0
2011,Paris Masters,Hard,M,2.25,5.25,17.0,10.875,0.75,2.0,2.25,20.25,11.0,0.25,2.5,2.0,27.0,6.0,1.0,2.0,6.0,20.0,4.0,1.0
2011,Miami Masters,Hard,M,2.25,5.375,21.375,12.625,0.875,2.0,4.0,16.0,5.25,0.75,2.0,7.5,16.5,1.5,1.0,3.0,2.0,32.0,2.0,0.0
2011,Indian Wells Masters,Hard,M,2.125,4.875,21.375,49.75,0.375,1.75,3.75,17.25,24.0,0.75,2.5,4.0,23.0,2.0,0.5,3.0,5.0,27.0,3.0,0.0
2011,Monte Carlo Masters,Clay,M,2.0,5.375,15.875,20.125,0.75,2.0,6.75,17.25,5.0,0.75,2.5,5.0,21.0,3.5,1.0,2.0,4.0,22.0,1.0,1.0
2011,Rome Masters,Clay,M,2.375,4.625,23.625,10.75,0.75,2.5,6.5,20.0,5.75,0.75,2.5,5.0,24.0,1.5,1.0,2.0,4.0,20.0,2.0,0.0
2011,Canada Masters,Hard,M,2.5,3.625,25.625,11.5,0.875,2.25,6.25,20.75,12.25,0.5,2.0,2.5,9.5,4.5,1.0,3.0,3.0,27.0,1.0,1.0
2011,Cincinnati Masters,Hard,M,2.25,5.375,22.875,5.75,0.875,2.25,4.5,21.5,5.25,0.5,1.5,2.0,11.0,2.5,1.0,2.0,0.0,0.0,4.0,0.0
2011,Shanghai Masters,Hard,M,2.625,3.5,25.25,33.0,0.5,2.25,5.5,22.0,21.0,0.5,2.5,7.0,23.0,4.5,1.0,2.0,4.0,22.0,4.0,1.0
2011,Roland Garros,Clay,G,4.0,4.875,40.125,13.375,0.75,2.25,5.25,23.75,2.5,1.0,3.5,4.0,38.0,2.0,0.5,4.0,6.0,44.0,1.0,1.0
2011,Wimbledon,Grass,G,3.5,5.875,36.875,30.0,0.625,4.0,5.25,39.75,6.5,0.75,4.0,7.5,40.5,1.5,1.0,4.0,5.0,33.0,2.0,0.0
2011,US Open,Hard,G,3.625,7.25,35.75,10.5,0.625,3.5,5.5,24.0,2.5,1.0,4.5,6.5,43.5,1.5,1.0,4.0,10.0,38.0,1.0,1.0
2011,Australian Open,Hard,G,3.5,8.5,30.5,11.125,0.75,3.25,9.5,30.5,4.25,0.75,3.5,5.0,39.0,4.0,0.5,3.0,9.0,27.0,3.0,1.0
2012,Madrid Masters,Clay,M,2.5,3.875,25.375,9.375,0.75,2.0,5.5,19.0,7.25,0.75,2.0,4.5,21.5,5.0,1.0,3.0,1.0,33.0,3.0,1.0
2012,Paris Masters,Hard,M,2.25,2.875,22.375,32.5,0.5,2.25,3.5,15.5,53.75,0.25,2.0,4.5,21.5,37.0,0.5,2.0,5.0,19.0,5.0,1.0
2012,Miami Masters,Hard,M,2.125,5.625,20.625,7.0,1.0,2.5,5.0,24.0,7.0,0.75,1.0,3.5,9.5,2.5,0.5,2.0,6.0,20.0,1.0,1.0
2012,Indian Wells Masters,Hard,M,2.625,5.0,25.75,15.625,0.75,2.5,3.5,24.0,4.25,1.0,2.5,2.0,27.0,7.0,0.0,2.0,4.0,22.0,3.0,1.0
2012,Monte Carlo Masters,Clay,M,2.25,5.25,18.0,14.375,0.625,2.25,5.0,23.0,6.25,0.5,2.5,5.0,23.0,1.5,1.0,2.0,8.0,16.0,2.0,0.0
2012,Rome Masters,Clay,M,2.5,5.875,24.375,9.5,0.75,2.0,6.0,19.5,3.0,1.0,2.0,6.0,20.0,2.0,1.0,2.0,5.0,21.0,3.0,0.0
2012,Canada Masters,Hard,M,2.125,4.0,19.5,16.5,0.625,2.5,4.25,24.25,10.75,0.75,2.0,5.5,19.5,11.5,0.5,2.0,7.0,17.0,2.0,1.0
2012,Cincinnati Masters,Hard,M,2.125,3.875,18.625,16.25,0.625,2.25,4.5,21.5,9.5,0.75,2.0,5.5,19.5,1.5,1.0,2.0,7.0,19.0,1.0,1.0
2012,Shanghai Masters,Hard,M,2.5,5.875,23.625,12.125,0.75,2.25,5.0,21.5,3.25,0.75,2.0,4.5,19.5,2.5,0.5,3.0,2.0,34.0,2.0,1.0
2012,Roland Garros,Clay,G,3.875,6.5,36.5,5.375,0.75,4.25,8.0,41.5,3.0,0.75,3.0,10.0,27.0,1.5,1.0,4.0,3.0,39.0,2.0,0.0
2012,Wimbledon,Grass,G,3.625,7.75,35.0,13.875,0.875,3.5,7.25,35.75,3.5,1.0,4.0,4.5,38.5,3.5,0.5,4.0,5.0,41.0,3.0,1.0
2012,US Open,Hard,G,2.75,5.625,24.375,6.125,1.0,4.0,5.0,40.0,4.5,0.75,4.0,7.5,36.5,3.0,1.0,5.0,0.0,50.0,4.0,0.0
2012,Australian Open,Hard,G,3.5,6.625,28.875,7.375,0.875,3.25,8.25,31.75,2.5,1.0,4.5,6.0,47.0,1.5,1.0,5.0,5.0,55.0,1.0,1.0
2013,Madrid Masters,Clay,M,2.5,2.625,22.875,21.25,0.75,2.5,4.5,26.0,34.75,0.0,2.5,5.5,22.5,10.0,0.5,2.0,6.0,18.0,5.0,1.0
2013,Paris Masters,Hard,M,2.25,5.375,21.375,5.25,1.0,2.5,5.25,23.25,3.0,0.75,2.5,5.0,24.0,2.5,0.5,2.0,4.0,24.0,2.0,1.0
2013,Miami Masters,Hard,M,2.375,5.125,23.125,13.5,0.625,2.25,6.5,19.5,9.0,0.5,3.0,6.5,27.5,4.0,1.0,3.0,-1.0,31.0,3.0,1.0
2013,Indian Wells Masters,Hard,M,2.5,4.25,25.0,8.625,0.875,2.25,6.25,20.75,4.75,0.5,2.5,3.0,26.0,6.0,0.5,3.0,3.0,29.0,5.0,1.0
2013,Monte Carlo Masters,Clay,M,2.25,5.875,20.625,19.375,0.5,2.5,3.25,23.25,11.5,0.75,2.0,6.5,18.5,3.0,1.0,2.0,5.0,21.0,1.0,1.0
2013,Rome Masters,Clay,M,2.125,2.875,20.625,14.5,0.625,2.5,4.5,23.5,12.5,0.5,2.0,4.5,20.5,4.0,1.0,2.0,8.0,16.0,5.0,0.0
2013,Canada Masters,Hard,M,2.5,2.5,25.5,32.125,0.5,2.0,4.0,16.5,22.25,0.75,3.0,-1.0,31.0,8.5,0.5,2.0,8.0,16.0,4.0,1.0
2013,Cincinnati Masters,Hard,M,2.375,5.125,21.125,11.25,0.75,2.75,3.0,27.5,9.5,0.5,2.5,3.0,30.0,12.5,0.5,2.0,2.0,26.0,3.0,1.0
2013,Shanghai Masters,Hard,M,2.0,4.25,20.75,16.625,0.625,2.25,6.0,21.5,4.25,1.0,2.0,6.0,19.0,3.5,0.5,3.0,3.0,29.0,2.0,1.0
2013,Roland Garros,Clay,G,3.875,7.625,36.375,9.875,0.75,3.0,10.0,27.5,4.5,0.75,4.0,7.5,41.5,4.5,0.5,3.0,10.0,26.0,4.0,1.0
2013,Wimbledon,Grass,G,3.75,5.625,38.375,28.375,0.875,3.5,5.75,35.75,8.25,0.75,4.5,4.5,49.5,1.5,1.0,3.0,6.0,32.0,2.0,0.0
2013,US Open,Hard,G,4.0,6.0,41.0,9.375,0.75,3.75,9.5,31.0,5.5,0.5,4.0,3.0,40.0,1.5,1.0,4.0,8.0,34.0,2.0,0.0
2013,Australian Open,Hard,G,3.375,6.5,31.0,9.0,0.75,4.25,6.0,41.5,2.75,1.0,4.0,10.0,38.0,2.0,0.5,4.0,7.0,43.0,1.0,1.0
2014,Madrid Masters,Clay,M,1.875,4.375,17.875,20.5,0.75,2.0,4.75,19.75,15.75,1.0,2.5,3.5,26.5,6.5,0.5,3.0,0.0,0.0,1.0,1.0
2014,Paris Masters,Hard,M,2.25,4.75,23.25,7.125,0.875,2.5,3.0,27.5,5.75,0.5,2.5,4.5,23.5,5.5,0.5,2.0,7.0,17.0,1.0,1.0
2014,Miami Masters,Hard,M,2.25,5.125,21.125,9.625,0.75,2.5,3.25,25.75,7.75,0.75,0.0,0.0,0.0,1.5,1.0,2.0,6.0,18.0,2.0,0.0
2014,Indian Wells Masters,Hard,M,2.625,3.375,25.875,21.25,0.5,2.0,5.5,20.0,13.5,0.75,2.5,7.0,24.0,5.0,1.0,3.0,1.0,31.0,2.0,1.0
2014,Monte Carlo Masters,Clay,M,2.0,6.25,17.0,9.5,0.875,2.5,4.0,24.5,3.75,0.75,2.0,6.0,20.0,3.5,0.5,3.0,3.0,31.0,3.0,1.0
2014,Rome Masters,Clay,M,2.5,5.875,23.875,13.25,0.625,2.5,2.0,22.0,6.75,1.0,2.5,5.5,25.5,1.5,1.0,3.0,4.0,28.0,2.0,0.0
2014,Canada Masters,Hard,M,2.375,2.625,24.125,11.75,0.625,3.0,2.5,32.5,12.75,0.5,2.0,5.0,19.0,9.0,0.5,2.0,3.0,25.0,15.0,0.0
2014,Cincinnati Masters,Hard,M,2.625,4.625,26.375,13.875,0.875,2.5,5.5,21.0,14.25,0.75,2.0,7.0,17.0,4.5,1.0,3.0,2.0,24.0,3.0,1.0
2014,Shanghai Masters,Hard,M,2.375,5.125,21.625,16.375,0.875,2.5,5.0,24.5,13.5,0.75,2.0,4.5,20.5,16.0,0.0,2.0,2.0,26.0,3.0,1.0
2014,Roland Garros,Clay,G,3.375,9.125,31.875,9.5,0.875,3.75,7.75,33.75,7.0,0.75,3.5,9.0,30.0,1.5,1.0,4.0,5.0,39.0,1.0,1.0
2014,Wimbledon,Grass,G,3.25,6.0,34.5,26.125,0.875,4.0,6.75,39.75,7.0,0.5,3.5,3.5,37.5,3.0,1.0,5.0,2.0,58.0,2.0,1.0
2014,US Open,Hard,G,3.625,6.0,38.25,9.375,0.75,4.25,4.25,45.25,7.75,0.5,3.5,4.0,34.0,13.5,0.0,3.0,9.0,27.0,16.0,0.0
2014,Australian Open,Hard,G,3.375,8.5,33.0,6.625,1.0,4.25,4.0,42.5,5.5,0.25,3.5,5.5,39.5,4.5,0.5,4.0,7.0,35.0,8.0,0.0
2015,Madrid Masters,Clay,M,2.375,5.375,22.625,7.75,0.875,2.25,3.5,23.5,4.75,1.0,2.0,5.5,19.5,3.5,1.0,2.0,7.0,17.0,3.0,1.0
2015,Paris Masters,Hard,M,2.375,4.125,21.375,6.125,0.75,2.5,2.75,28.25,4.0,1.0,2.5,5.5,21.5,2.0,1.0,2.0,6.0,18.0,1.0,1.0
2015,Miami Masters,Hard,M,2.5,4.125,23.125,18.5,0.625,2.25,4.5,22.0,9.5,0.75,2.0,4.5,20.5,2.5,1.0,3.0,5.0,29.0,1.0,1.0
2015,Indian Wells Masters,Hard,M,2.25,4.75,21.75,9.0,0.875,1.75,3.5,17.5,3.25,0.75,2.0,5.5,19.5,1.5,1.0,3.0,6.0,30.0,1.0,1.0
2015,Monte Carlo Masters,Clay,M,2.375,5.0,23.25,8.25,0.75,2.0,5.25,15.25,8.0,0.5,2.0,6.5,17.5,4.5,1.0,3.0,3.0,31.0,1.0,1.0
2015,Rome Masters,Clay,M,2.0,3.875,19.875,7.25,0.875,2.5,5.25,22.75,5.0,0.75,2.0,5.0,19.0,1.5,1.0,2.0,5.0,19.0,1.0,1.0
2015,Canada Masters,Hard,M,2.125,5.0,20.75,23.625,0.75,2.5,3.75,27.25,14.25,0.75,2.0,6.5,17.5,2.0,1.0,3.0,3.0,29.0,3.0,0.0
2015,Cincinnati Masters,Hard,M,2.625,4.0,26.5,14.875,0.625,2.25,5.75,20.25,18.0,0.75,2.5,3.0,27.0,2.0,0.5,2.0,4.0,22.0,3.0,0.0
2015,Shanghai Masters,Hard,M,2.5,4.0,27.25,8.0,0.75,2.25,6.0,21.5,6.25,0.5,2.5,3.0,22.0,8.0,0.5,2.0,6.0,18.0,1.0,1.0
2015,Roland Garros,Clay,G,3.5,9.375,31.125,6.25,0.875,3.75,7.25,36.25,7.0,0.5,4.5,6.0,47.0,5.0,1.0,4.0,5.0,39.0,9.0,0.0
2015,Wimbledon,Grass,G,3.875,6.5,40.5,13.5,0.75,3.5,5.5,37.5,6.5,0.75,3.0,5.5,33.5,1.5,1.0,4.0,5.0,45.0,1.0,1.0
2015,US Open,Hard,G,3.625,5.375,36.125,10.0,0.75,3.75,7.25,35.25,4.25,1.0,3.0,12.5,23.5,1.5,1.0,4.0,4.0,42.0,1.0,1.0
2015,Australian Open,Hard,G,3.75,6.0,39.75,10.875,0.875,3.0,7.75,30.25,4.5,0.75,4.5,7.0,44.0,3.5,1.0,4.0,9.0,41.0,1.0,1.0
2016,Paris Masters,Hard,M,2.625,4.375,24.625,11.625,0.75,2.25,3.0,25.5,11.0,0.5,1.0,2.5,9.5,14.5,0.5,3.0,4.0,32.0,2.0,1.0
2016,Monte Carlo Masters,Clay,M,2.25,4.75,22.0,14.75,0.875,2.25,6.5,19.5,8.0,0.5,2.5,5.0,21.0,10.5,0.0,3.0,6.0,30.0,5.0,1.0
2016,Canada Masters,Hard,M,2.375,4.125,23.625,14.375,0.625,2.25,4.75,21.25,6.5,0.75,2.0,6.5,18.5,3.5,0.5,2.0,5.0,21.0,1.0,1.0
2016,Shanghai Masters,Hard,M,2.5,4.25,24.25,26.75,0.5,2.5,3.75,24.75,13.5,0.5,2.0,4.5,19.5,10.5,0.5,2.0,6.0,20.0,2.0,1.0
2016,Roland Garros,Clay,G,3.625,7.75,35.0,13.75,0.75,3.5,8.25,34.25,5.5,0.75,3.5,9.5,30.5,1.5,1.0,4.0,8.0,34.0,1.0,1.0
2016,Wimbledon,Grass,G,3.375,3.625,31.375,14.625,0.625,4.25,5.5,43.5,5.25,1.0,4.0,7.0,40.0,4.5,0.5,3.0,4.0,36.0,2.0,1.0
2016,US Open,Hard,G,3.375,7.375,28.875,25.375,0.75,3.5,4.0,28.5,5.75,0.75,4.0,7.0,37.0,2.0,1.0,4.0,6.0,44.0,3.0,0.0
2016,Australian Open,Hard,G,3.875,5.375,38.375,8.25,0.875,3.5,7.5,33.5,5.0,1.0,4.5,7.0,43.0,1.5,1.0,3.0,8.0,32.0,1.0,1.0
2016,Indian Wells Masters,Hard,M,2.5,3.875,25.875,10.125,0.625,2.0,4.25,21.75,9.5,0.75,2.5,4.0,24.0,7.5,1.0,2.0,10.0,14.0,1.0,1.0
2016,Miami Masters,Hard,M,2.25,5.75,21.25,12.75,1.0,2.5,4.25,24.25,12.0,0.75,2.0,4.0,22.0,3.5,1.0,2.0,6.0,18.0,1.0,1.0
2016,Rome Masters,Clay,M,2.375,5.875,21.375,26.125,0.5,1.5,3.75,16.25,15.5,1.0,2.5,4.0,23.0,2.0,1.0,2.0,6.0,18.0,3.0,0.0
2016,Madrid Masters,Clay,M,2.25,5.25,22.25,11.0,0.75,2.5,5.5,24.0,3.5,1.0,2.0,4.0,22.0,1.5,1.0,3.0,4.0,26.0,1.0,1.0
2016,Cincinnati Masters,Hard,M,2.0,4.375,19.125,19.75,0.375,2.0,3.5,15.0,14.0,0.75,2.5,4.5,24.5,8.0,1.0,2.0,4.0,22.0,14.0,0.0
2017,Paris Masters,Hard,M,2.375,4.25,24.5,32.25,0.5,2.0,3.0,22.0,49.0,0.5,2.5,4.0,28.0,49.5,0.5,3.0,5.0,29.0,22.0,1.0
2017,Monte Carlo Masters,Clay,M,2.25,4.5,19.75,17.375,0.625,2.75,4.75,26.25,15.25,0.5,2.5,7.0,22.0,15.5,0.5,2.0,8.0,16.0,7.0,1.0
2017,Canada Masters,Hard,M,2.625,3.0,26.25,41.5,0.625,2.5,3.25,24.25,51.5,0.5,2.0,4.0,22.0,5.5,1.0,2.0,5.0,19.0,8.0,0.0
2017,Shanghai Masters,Hard,M,2.25,3.875,23.875,18.75,0.75,2.5,4.5,25.0,7.75,1.0,2.5,3.0,26.0,1.5,1.0,2.0,5.0,19.0,2.0,0.0
2017,Roland Garros,Clay,G,3.25,6.875,28.625,6.875,0.875,3.0,7.0,22.0,3.75,0.75,4.0,8.5,39.5,3.5,0.5,3.0,12.0,24.0,4.0,0.0
2017,Wimbledon,Grass,G,4.0,6.0,42.25,11.5,0.75,3.75,4.5,32.5,13.5,0.5,3.5,4.0,42.0,5.5,1.0,3.0,10.0,26.0,5.0,1.0
2017,US Open,Hard,G,3.5,6.125,34.875,23.75,0.625,3.5,6.75,35.75,20.0,0.5,4.0,8.0,37.0,16.5,0.5,3.0,8.0,28.0,1.0,1.0
2017,Australian Open,Hard,G,4.0,5.875,40.625,15.125,0.5,3.0,7.75,29.75,11.25,0.5,5.0,2.0,52.0,13.0,0.5,5.0,4.0,44.0,17.0,0.0
2017,Indian Wells Masters,Hard,M,2.375,3.875,23.875,14.625,0.625,2.25,1.75,21.75,13.5,0.75,2.0,6.5,18.5,6.5,1.0,2.0,4.0,22.0,10.0,0.0
2017,Miami Masters,Hard,M,2.25,5.25,22.0,15.5,0.75,2.5,4.75,24.25,17.25,0.75,2.5,4.0,29.0,6.5,1.0,2.0,5.0,19.0,6.0,1.0
2017,Rome Masters,Clay,M,2.125,4.375,21.125,12.75,0.75,2.25,4.0,22.5,12.5,0.25,2.5,8.5,21.5,9.5,1.0,2.0,5.0,19.0,17.0,0.0
2017,Madrid Masters,Clay,M,2.25,4.375,21.375,17.375,0.625,1.75,4.25,15.75,10.75,0.75,2.0,5.0,19.0,7.0,0.5,2.0,3.0,23.0,5.0,1.0
2017,Cincinnati Masters,Hard,M,2.25,3.625,24.875,25.0,0.75,2.0,6.0,19.5,21.0,0.5,2.0,2.0,26.0,17.0,1.0,2.0,5.0,21.0,11.0,1.0
2018,Paris Masters,Hard,M,2.25,4.125,20.625,9.625,0.75,2.5,5.0,23.0,7.75,0.75,2.5,3.5,27.5,10.0,0.5,2.0,4.0,22.0,18.0,0.0
2018,Monte Carlo Masters,Clay,M,2.25,4.125,21.375,12.5,1.0,2.5,5.25,24.75,11.5,0.75,2.5,4.5,22.5,18.5,0.5,2.0,7.0,17.0,1.0,1.0
2018,Canada Masters,Hard,M,2.25,4.25,24.0,15.75,0.625,2.5,4.0,23.0,18.0,0.5,2.5,2.5,29.5,14.0,0.5,2.0,5.0,21.0,1.0,1.0
2018,Shanghai Masters,Hard,M,2.125,4.125,18.125,14.25,0.875,2.0,3.75,21.75,7.25,1.0,2.0,6.5,17.5,11.0,0.5,2.0,5.0,19.0,3.0,1.0
2018,Roland Garros,Clay,G,4.0,5.875,38.125,16.0,0.75,3.75,6.0,37.0,21.75,0.25,3.0,9.5,28.5,4.5,1.0,3.0,9.0,27.0,1.0,1.0
2018,Wimbledon,Grass,G,3.5,5.875,37.875,13.25,1.0,4.5,4.25,50.25,10.0,0.75,5.0,1.0,79.0,14.5,0.5,3.0,9.0,29.0,21.0,0.0
2018,US Open,Hard,G,3.5,6.5,35.0,13.875,0.75,4.25,2.75,44.25,7.25,0.75,2.5,4.5,13.5,4.5,0.5,3.0,7.0,31.0,6.0,0.0
2018,Australian Open,Hard,G,3.75,5.75,41.0,29.5,0.75,3.75,4.0,25.5,28.75,0.5,2.5,4.5,14.5,4.0,1.0,5.0,8.0,46.0,2.0,1.0
2018,Indian Wells Masters,Hard,M,2.125,3.5,21.75,23.625,1.0,2.75,2.25,26.75,24.0,0.5,2.5,4.5,24.5,4.5,1.0,3.0,2.0,36.0,8.0,0.0
2018,Miami Masters,Hard,M,2.125,4.625,21.125,17.375,0.875,2.5,3.0,27.5,11.75,0.75,2.0,5.5,20.5,11.0,0.5,3.0,3.0,33.0,17.0,0.0
2018,Rome Masters,Clay,M,2.125,5.0,18.25,11.75,0.875,2.75,4.75,23.75,7.0,1.0,2.0,3.5,23.5,2.5,1.0,3.0,3.0,23.0,2.0,1.0
2018,Madrid Masters,Clay,M,2.375,3.125,24.875,23.5,0.625,2.5,3.25,27.25,15.25,0.5,2.0,6.5,17.5,5.0,1.0,2.0,4.0,20.0,3.0,1.0
2018,Cincinnati Masters,Hard,M,2.375,3.875,23.875,28.25,0.625,2.5,3.0,28.5,7.5,0.75,2.5,1.0,14.0,6.0,0.5,2.0,4.0,20.0,10.0,0.0
2019,Paris Masters,Hard,M,2.5,4.25,24.75,19.375,0.75,2.0,7.25,17.75,14.5,0.75,1.0,1.5,11.5,14.5,0.5,2.0,5.0,19.0,1.0,1.0
2019,Monte Carlo Masters,Clay,M,2.25,5.375,20.375,28.375,0.375,2.5,3.75,23.75,20.5,0.5,2.0,6.5,18.5,33.0,0.0,2.0,5.0,19.0,18.0,1.0
2019,Canada Masters,Hard,M,2.25,4.625,23.875,9.25,1.0,2.5,4.75,22.25,9.75,0.25,1.0,3.0,10.0,5.5,0.5,2.0,9.0,15.0,2.0,1.0
2019,Shanghai Masters,Hard,M,2.125,3.875,23.125,6.375,0.75,2.5,3.5,26.5,7.5,0.25,2.0,4.0,22.0,5.0,1.0,2.0,7.0,17.0,4.0,1.0
2019,Roland Garros,Clay,G,3.75,7.25,36.75,7.625,0.75,3.25,8.75,30.75,2.5,1.0,4.0,6.0,40.0,3.0,0.5,4.0,11.0,35.0,2.0,1.0
2019,Wimbledon,Grass,G,3.625,6.875,35.375,18.625,0.875,3.5,8.25,32.25,7.0,1.0,4.0,5.0,37.0,2.0,0.5,5.0,-4.0,68.0,1.0,1.0
2019,US Open,Hard,G,3.375,7.75,26.75,21.375,0.625,4.25,4.5,40.5,27.5,0.5,3.0,7.0,31.0,3.5,1.0,5.0,3.0,53.0,2.0,1.0
2019,Australian Open,Hard,G,4.0,6.125,43.875,17.25,0.375,3.25,4.25,29.25,12.25,0.75,3.0,13.0,23.0,1.5,1.0,3.0,10.0,26.0,1.0,1.0
2019,Indian Wells Masters,Hard,M,2.125,4.375,17.625,32.125,0.625,1.5,2.75,16.25,7.0,1.0,1.5,1.0,18.0,6.0,0.5,3.0,2.0,30.0,8.0,0.0
2019,Miami Masters,Hard,M,2.375,3.125,25.375,21.625,0.5,2.25,5.0,23.5,23.5,0.75,2.0,4.0,22.0,7.0,1.0,2.0,7.0,17.0,5.0,1.0
2019,Rome Masters,Clay,M,2.375,4.5,22.25,11.25,0.875,1.75,3.75,16.75,8.5,0.5,2.5,5.0,25.0,1.5,1.0,3.0,9.0,23.0,2.0,0.0
2019,Madrid Masters,Clay,M,2.375,4.375,23.375,8.625,0.875,2.0,3.0,19.0,4.25,0.5,2.5,1.5,26.5,5.0,0.5,2.0,5.0,19.0,1.0,1.0
2019,Cincinnati Masters,Hard,M,2.125,5.75,20.5,34.125,0.5,1.75,3.75,16.75,21.0,0.75,2.5,4.0,23.0,13.5,0.5,2.0,3.0,23.0,8.0,1.0
2020,Paris Masters,Hard,M,2.5,5.0,24.5,13.625,0.875,2.5,4.5,24.5,7.75,1.0,2.0,3.5,22.5,6.0,0.5,3.0,5.0,29.0,5.0,1.0
2020,Roland Garros,Clay,G,3.5,7.875,33.625,16.375,0.875,3.75,6.75,38.75,5.75,0.75,4.0,7.5,38.5,1.5,1.0,3.0,12.0,26.0,2.0,0.0
2020,Us Open,Hard,G,3.0,8.625,26.125,16.625,0.625,3.75,3.0,38.0,10.5,0.75,4.0,3.5,39.5,5.0,1.0,5.0,0.0,50.0,3.0,1.0
2020,Australian Open,Hard,G,3.625,6.0,36.25,21.0,0.75,4.0,2.5,40.5,4.25,0.75,3.5,3.5,38.5,3.5,1.0,5.0,1.0,47.0,2.0,1.0
2020,Rome Masters,Clay,M,2.375,4.75,23.5,24.125,1.0,2.75,4.25,26.25,16.0,0.5,2.5,3.0,28.0,8.0,0.5,2.0,5.0,21.0,1.0,1.0
2020,Cincinnati Masters,Hard,M,2.25,5.125,21.375,19.875,0.75,2.25,2.25,19.25,12.25,0.75,2.5,2.5,27.5,15.5,0.5,3.0,0.0,26.0,1.0,1.0
2021,Paris Masters,Hard,M,2.125,4.125,21.625,26.125,0.75,2.25,4.25,24.25,4.25,1.0,2.5,6.0,22.0,1.5,1.0,3.0,4.0,28.0,1.0,1.0
2021,Miami Masters,Hard,M,2.5,4.0,25.5,28.25,0.625,2.25,3.25,23.25,22.0,0.5,2.5,3.5,25.5,34.0,0.0,2.0,3.0,23.0,37.0,0.0
2021,Indian Wells Masters,Hard,M,2.375,5.125,22.875,20.375,0.5,2.75,3.0,26.5,32.25,0.0,2.0,5.0,20.0,31.0,1.0,3.0,4.0,26.0,26.0,1.0
2021,Monte Carlo Masters,Clay,M,2.25,4.375,23.875,20.875,0.625,2.5,3.5,19.0,18.25,0.25,2.0,7.0,18.0,6.5,1.0,2.0,6.0,18.0,5.0,1.0
2021,Rome Masters,Clay,M,2.375,4.0,24.5,20.75,0.625,2.5,3.0,26.5,21.0,0.75,2.5,5.0,25.0,2.0,1.0,3.0,0.0,28.0,3.0,0.0
2021,Canada Masters,Hard,M,2.375,4.0,24.75,16.75,0.75,2.25,3.0,24.0,16.75,0.5,2.5,5.0,26.0,17.0,0.5,2.0,5.0,19.0,2.0,1.0
2021,Cincinnati Masters,Hard,M,2.25,4.375,23.625,13.5,0.625,2.5,7.25,20.75,4.25,1.0,3.0,1.0,29.0,6.0,0.0,2.0,7.0,17.0,5.0,1.0
2021,Madrid Masters,Clay,M,2.25,3.625,24.125,19.0,0.5,2.5,5.0,23.5,10.5,0.75,2.0,4.5,19.5,8.0,0.5,3.0,4.0,32.0,6.0,1.0
2021,Roland Garros,Clay,G,3.0,6.5,22.75,10.25,0.875,3.5,8.75,33.75,3.75,0.75,4.5,5.0,43.0,3.0,1.0,5.0,4.0,48.0,1.0,1.0
2021,Wimbledon,Grass,G,4.0,5.875,38.875,18.0,0.5,3.75,6.75,36.75,10.0,0.75,3.5,7.5,37.5,5.0,1.0,4.0,6.0,42.0,1.0,1.0
2021,Us Open,Hard,G,4.0,7.0,38.0,31.0,0.75,3.25,6.0,26.5,5.5,1.0,4.0,7.0,38.0,1.5,1.0,3.0,6.0,30.0,2.0,0.0
2021,Australian Open,Hard,G,3.0,5.0,24.5,20.375,0.75,4.0,5.0,39.5,31.25,0.5,3.0,8.5,28.5,2.5,1.0,3.0,10.0,28.0,1.0,1.0
2022,Paris Masters,Hard,M,2.125,5.125,20.625,14.25,0.625,2.0,5.5,12.5,9.5,0.75,2.5,4.0,24.0,12.5,0.0,3.0,2.0,30.0,18.0,0.0
2022,Miami Masters,Hard,M,2.25,4.75,22.75,25.25,0.625,2.25,2.0,20.5,34.25,0.25,2.0,4.5,21.5,12.0,0.5,2.0,4.0,22.0,16.0,0.0
2022,Indian Wells Masters,Hard,M,2.0,3.25,21.5,36.25,0.625,2.5,3.75,25.75,12.5,0.75,2.5,3.5,25.5,12.0,0.5,2.0,4.0,22.0,20.0,0.0
2022,Monte Carlo Masters,Clay,M,2.25,4.5,23.0,17.25,0.75,3.0,2.0,31.0,20.75,0.5,2.5,5.0,25.0,25.5,0.0,2.0,4.0,22.0,5.0,1.0
2022,Rome Masters,Clay,M,2.375,5.0,22.0,12.75,0.75,2.0,4.25,22.75,4.75,1.0,2.5,4.5,23.5,3.0,0.5,2.0,7.0,19.0,1.0,1.0
2022,Canada Masters,Hard,M,2.375,3.5,21.75,30.125,0.375,2.5,5.0,23.5,19.75,0.75,3.0,5.0,31.0,16.5,0.5,3.0,3.0,27.0,23.0,0.0
2022,Cincinnati Masters,Hard,M,2.375,4.625,23.375,30.875,0.75,2.5,3.0,28.0,42.75,0.5,2.5,3.0,25.0,79.5,0.0,2.0,5.0,21.0,152.0,0.0
2022,Madrid Masters,Clay,M,2.0,3.5,18.25,6.75,1.0,2.5,3.25,22.75,4.5,0.75,3.0,2.5,32.5,6.0,0.5,2.0,8.0,16.0,9.0,0.0
2022,Roland Garros,Clay,G,3.5,6.5,28.75,11.625,0.75,4.25,4.5,43.5,9.75,0.5,3.0,3.5,17.5,6.5,0.5,3.0,12.0,24.0,5.0,1.0
2022,Wimbledon,Grass,G,4.0,5.5,40.75,23.375,0.625,4.5,2.5,45.5,14.75,1.0,2.0,2.5,17.5,21.5,0.5,4.0,4.0,42.0,3.0,1.0
2022,Us Open,Hard,G,4.375,6.0,41.5,16.375,0.5,4.0,5.25,44.75,17.0,0.5,4.5,8.0,46.0,5.5,1.0,4.0,2.0,40.0,4.0,1.0
2022,Australian Open,Hard,G,3.5,5.5,37.25,8.875,0.875,4.5,3.75,44.25,4.5,1.0,4.0,6.5,37.5,3.5,1.0,5.0,1.0,53.0,5.0,0.0
2023,Paris Masters,Hard,M,2.0,4.125,19.375,9.375,0.875,2.75,4.75,26.75,7.25,0.75,3.0,2.0,36.0,9.0,0.5,2.0,5.0,19.0,1.0,1.0
2023,Miami Masters,Hard,M,2.25,4.0,22.75,30.875,0.375,2.0,6.5,18.0,8.25,1.0,3.0,3.0,31.0,8.0,0.5,2.0,5.0,21.0,5.0,1.0
2023,Indian Wells Masters,Hard,M,2.25,3.75,20.25,11.5,0.875,2.25,3.75,22.75,9.25,0.5,2.0,3.5,23.5,4.0,1.0,2.0,7.0,17.0,2.0,1.0
2023,Monte Carlo Masters,Clay,M,2.25,3.25,22.75,20.25,0.75,2.0,6.25,18.25,8.25,0.5,3.0,2.5,29.5,7.5,0.5,3.0,4.0,32.0,6.0,1.0
2023,Rome Masters,Clay,M,2.5,4.375,25.125,21.0,0.75,2.25,5.5,21.0,4.75,0.75,2.5,4.5,27.5,5.0,0.5,2.0,4.0,24.0,3.0,1.0
2023,Canada Masters,Hard,M,2.125,3.0,22.0,52.0,0.625,2.5,4.0,25.0,19.25,0.5,2.0,6.0,18.0,13.0,1.0,2.0,7.0,17.0,8.0,1.0
2023,Cincinnati Masters,Hard,M,2.25,3.125,18.125,26.125,0.625,2.25,6.0,20.5,10.0,1.0,2.5,1.5,27.5,1.5,1.0,3.0,0.0,38.0,2.0,0.0
2023,Madrid Masters,Clay,M,2.375,4.625,24.625,52.0,0.5,2.25,3.75,24.25,52.0,0.5,2.5,4.0,24.0,33.5,1.0,3.0,2.0,28.0,2.0,1.0
2023,Shanghai Masters,Hard,M,2.625,3.0,27.75,29.5,0.5,2.5,5.0,25.0,17.25,0.75,2.0,4.5,20.5,12.0,1.0,3.0,1.0,31.0,17.0,0.0
2023,Roland Garros,Clay,G,3.375,7.375,31.875,13.25,0.875,3.75,7.0,35.0,8.75,1.0,3.5,11.0,30.0,3.5,0.5,3.0,6.0,34.0,3.0,1.0
2023,Wimbledon,Grass,G,3.875,3.5,37.75,20.25,0.75,4.0,5.25,37.75,3.5,1.0,3.0,7.5,29.5,1.5,1.0,5.0,0.0,46.0,1.0,1.0
2023,Us Open,Hard,G,3.625,6.375,34.125,11.5,0.75,3.25,7.75,30.25,13.25,0.75,3.5,7.0,34.0,2.5,0.5,3.0,7.0,31.0,2.0,1.0
2023,Australian Open,Hard,G,4.25,6.0,41.25,32.625,0.5,3.25,5.25,25.25,16.0,1.0,3.5,8.0,36.0,4.5,1.0,3.0,5.0,35.0,5.0,0.0
2024,Paris Masters,Hard,M,2.75,3.375,27.875,14.125,0.875,2.25,4.5,23.0,13.75,0.5,2.5,4.0,27.0,10.5,1.0,2.0,8.0,16.0,3.0,1.0
2024,Miami Masters,Hard,M,2.25,4.625,20.875,20.75,0.5,2.0,5.5,19.5,6.0,0.75,2.5,6.0,24.0,7.5,0.5,2.0,8.0,16.0,3.0,1.0
2024,Indian Wells Masters,Hard,M,2.375,4.0,23.25,10.0,0.875,2.25,5.0,20.0,6.5,0.75,3.0,1.0,26.0,3.0,1.0,2.0,6.0,20.0,2.0,1.0
2024,Monte Carlo Masters,Clay,M,2.25,4.375,23.125,9.375,0.625,2.5,5.0,24.5,6.25,1.0,3.0,0.0,28.0,11.0,0.0,2.0,7.0,17.0,12.0,0.0
2024,Rome Masters,Clay,M,2.25,5.25,23.0,20.375,0.625,2.5,3.25,24.75,19.25,0.5,3.0,2.5,29.5,14.5,0.5,2.0,4.0,22.0,5.0,1.0
2024,Canada Masters,Hard,M,2.125,3.375,17.125,90.125,0.5,2.75,1.0,27.5,33.5,0.25,2.0,5.0,20.0,35.0,0.5,2.0,6.0,18.0,62.0,0.0
2024,Cincinnati Masters,Hard,M,2.25,3.125,23.125,12.625,0.875,2.5,2.0,21.0,11.75,0.75,3.0,2.0,34.0,13.5,0.5,2.0,5.0,21.0,1.0,1.0
2024,Madrid Masters,Clay,M,2.25,4.0,24.0,14.75,0.625,2.0,2.5,13.0,21.75,0.25,1.5,2.5,9.5,21.5,0.5,3.0,2.0,34.0,8.0,1.0
2024,Shanghai Masters,Hard,M,2.25,4.375,22.125,22.875,0.625,2.25,5.25,22.75,11.25,0.75,2.0,3.5,22.5,2.5,1.0,2.0,4.0,22.0,1.0,1.0
2024,Roland Garros,Clay,G,4.0,6.75,38.0,5.875,0.75,2.25,4.5,24.0,4.0,0.75,4.5,3.5,39.5,3.5,0.5,5.0,6.0,44.0,3.0,1.0
2024,Wimbledon,Grass,G,3.375,5.625,31.625,8.75,0.875,3.5,3.25,34.25,8.75,0.5,3.5,5.5,37.5,2.5,1.0,3.0,9.0,29.0,3.0,0.0
2024,Us Open,Hard,G,3.75,7.25,33.75,10.75,0.75,3.75,4.0,26.5,14.5,0.25,4.0,6.0,41.0,6.5,1.0,3.0,7.0,31.0,1.0,1.0
2024,Australian Open,Hard,G,3.75,7.25,37.75,5.25,0.875,4.0,5.25,40.75,3.5,0.75,4.5,5.5,46.5,3.5,0.5,5.0,1.0,47.0,4.0,0.0
